"Domain","Phylum","Class","Order","Family","Genus","Species","ASV","Algae","Fish","Seagrass","Sediment","Turf","Water"
"Bacteria","Epsilonbacteraeota","Campylobacteria","Campylobacterales","Arcobacteraceae","Arcobacter",NA,NA,"0","0.0115095486388791","0.000655988629530421","0","0.00022475950732716","0.000196274064018057"
"Bacteria","Epsilonbacteraeota","Campylobacteria","Campylobacterales","Sulfurovaceae","Sulfurovum",NA,NA,"9.65262611759312e-05","0","8.19985786913027e-05","0.00131665569453588","1.4983967155144e-05","0.000245342580022572"
"Bacteria","Proteobacteria","Gammaproteobacteria","Xanthomonadales","Rhodanobacteraceae","Oleiagrimonas",NA,NA,"0","1.91932439781197e-05","0","0","0","0"
"Bacteria","Proteobacteria","Gammaproteobacteria","Xanthomonadales","Xanthomonadaceae","Stenotrophomonas",NA,NA,"2.41315652939828e-05","0","0","0","0","8.17808600075238e-05"
"Bacteria","Proteobacteria","Gammaproteobacteria","Xanthomonadales","Xanthomonadaceae","Pseudoxanthomonas",NA,NA,"0.000120657826469914","0","0","0","0","0"
"Bacteria","Proteobacteria","Gammaproteobacteria","Betaproteobacteriales","Burkholderiaceae","Delftia",NA,NA,"0.00016892095705788","7.03752279197722e-05","0.000163997157382605","0","1.4983967155144e-05","0.00503770097646347"
"Bacteria","Proteobacteria","Gammaproteobacteria","Betaproteobacteriales","Burkholderiaceae","Hydrogenophaga",NA,NA,"2.41315652939828e-05","0","0","0","0","0.00477600222443939"
"Bacteria","Proteobacteria","Gammaproteobacteria","Betaproteobacteriales","Burkholderiaceae","Acidovorax",NA,NA,"0.00164094643999083","0","0.000792652927349259","0","0.000119871737241152","1.63561720015048e-05"
"Bacteria","Proteobacteria","Gammaproteobacteria","Betaproteobacteriales","Burkholderiaceae","MWH-UniP1_aquatic_group",NA,NA,"0","0","0","0","0","0.00248613814422872"
"Bacteria","Proteobacteria","Gammaproteobacteria","Betaproteobacteriales","Burkholderiaceae","Curvibacter",NA,NA,"2.41315652939828e-05","1.27954959854131e-05","2.73328595637676e-05","0","1.4983967155144e-05","0"
"Bacteria","Proteobacteria","Gammaproteobacteria","Betaproteobacteriales","Burkholderiaceae","Paraburkholderia",NA,NA,"0.00171334113587278","0","0.00256928879899415","0","1.4983967155144e-05","9.81370320090286e-05"
"Bacteria","Proteobacteria","Gammaproteobacteria","Betaproteobacteriales","Burkholderiaceae","Burkholderia",NA,NA,"0.00132723609116905","0","0.00150330727600722","0","1.4983967155144e-05","0"
"Bacteria","Proteobacteria","Gammaproteobacteria","Betaproteobacteriales","Burkholderiaceae","Burkholderia-Caballeronia-Paraburkholderia",NA,NA,"0.00068774961087851","0","0.000929317225168097","0","1.4983967155144e-05","0"
"Bacteria","Proteobacteria","Gammaproteobacteria","Betaproteobacteriales","Burkholderiaceae","Cupriavidus",NA,NA,"0.000337841914115759","6.39774799270657e-06","0.000464658612584049","0","0","0"
"Bacteria","Proteobacteria","Gammaproteobacteria","Betaproteobacteriales","Burkholderiaceae","Noviherbaspirillum",NA,NA,"7.23946958819484e-05","2.55909919708263e-05","0.00010933143825507","5.26662277814352e-05","1.4983967155144e-05","0"
"Bacteria","Proteobacteria","Gammaproteobacteria","Betaproteobacteriales","Burkholderiaceae","Massilia",NA,NA,"0.00108592043822923","0","0","0","0","0"
"Bacteria","Proteobacteria","Gammaproteobacteria","Betaproteobacteriales","Burkholderiaceae","Oxalobacter",NA,NA,"0","0.00144589104635168","0.000163997157382605","2.63331138907176e-05","2.9967934310288e-05","4.90685160045143e-05"
"Bacteria","Proteobacteria","Gammaproteobacteria","Betaproteobacteriales","Burkholderiaceae","Limnobacter",NA,NA,"0.000144789391763897","0","0","0","0.000239743474482304","0.0030913165082844"
"Bacteria","Proteobacteria","Gammaproteobacteria","Betaproteobacteriales","Methylophilaceae","Methylotenera",NA,NA,"0.00523654966879427","0","0.00172197015251736","0","0.000569390751895472","0"
"Bacteria","Proteobacteria","Gammaproteobacteria","Betaproteobacteriales","Burkholderiaceae","Comamonas",NA,NA,"0.0036438663593914","0","0.000956650084731865","0","1.4983967155144e-05","3.27123440030095e-05"
"Bacteria","Proteobacteria","Gammaproteobacteria","Betaproteobacteriales","Burkholderiaceae","Aquabacterium",NA,NA,"0.000301644566174785","0","0.00150330727600722","0","0","0.00121035672811135"
"Bacteria","Proteobacteria","Gammaproteobacteria","Nitrosococcales","Nitrosococcaceae","3PJM14",NA,NA,"0","0","0","0.00315997366688611","2.9967934310288e-05","0"
"Bacteria","Proteobacteria","Gammaproteobacteria","Nitrosococcales","Nitrosococcaceae","CI75cm.2.12",NA,NA,"0","0","0","0.000526662277814352","0","0"
"Bacteria","Proteobacteria","Gammaproteobacteria","Cellvibrionales","Porticoccaceae","SAR92_clade",NA,NA,"0","0","0","0","0","0.00117764438410834"
"Bacteria","Proteobacteria","Gammaproteobacteria","Oceanospirillales","Saccharospirillaceae","Oleibacter",NA,NA,"0","0","0","0","0","0.00191367212417606"
"Bacteria","Proteobacteria","Gammaproteobacteria","Oceanospirillales","Litoricolaceae","Litoricola",NA,NA,"1.20657826469914e-05","0","0","0","0","0.00387641276435663"
"Bacteria","Proteobacteria","Gammaproteobacteria","Pseudomonadales","Pseudomonadaceae","Pseudomonas",NA,NA,"0.000892867915877363","6.39774799270657e-05","0.00453725468758541","5.26662277814352e-05","0.000584374719050616","0.000327123440030095"
"Bacteria","Proteobacteria","Gammaproteobacteria","Oceanospirillales","Endozoicomonadaceae","Endozoicomonas",NA,NA,"0","0","0","0","0","0.000228986408021067"
"Bacteria","Proteobacteria","Gammaproteobacteria","Oceanospirillales","Marinomonadaceae","Marinomonas",NA,NA,"0","0","0","0","0","0.000621534536057181"
"Bacteria","Proteobacteria","Gammaproteobacteria","Cellvibrionales","Halieaceae","OM60(NOR5)_clade",NA,NA,"0.00016892095705788","0","0.000191330016946373","7.89993416721527e-05","0.000254727441637448","0.00160290485614747"
"Bacteria","Proteobacteria","Gammaproteobacteria","Cellvibrionales","Halieaceae","Luminiphilus",NA,NA,"0.000361973479409742","8.31707239051854e-05","0.000929317225168097","0.000131665569453588","0.00178309209146214","0.00983005937290437"
"Bacteria","Proteobacteria","Gammaproteobacteria","Cellvibrionales","Halieaceae","Parahaliea",NA,NA,"0.014056636783745","0.000230318927737436","0.00579456622751872","0.00660961158657011","0.0190146543198777","0.000457972816042134"
"Bacteria","Proteobacteria","Gammaproteobacteria","Cellvibrionales","Halieaceae","Halioglobus",NA,NA,"0.0138153211308051","0.000102363967883305","0.00645055485704914","0.00497695852534562","0.0174713057028979","0.000130849376012038"
"Bacteria","Proteobacteria","Gammaproteobacteria","Cellvibrionales","Halieaceae","Kineobactrum",NA,NA,"0.000784275872054441","0.000153545951824958","0.000628655769966654","0.000552995391705069","0.00245737061344362","4.90685160045143e-05"
"Bacteria","Proteobacteria","Gammaproteobacteria","Cellvibrionales","Halieaceae","Marimicrobium",NA,NA,"0.00211151196322349","3.83864879562394e-05","0.00191330016946373","0.00655694535878868","0.0042554466720609","8.17808600075238e-05"
"Bacteria","Proteobacteria","Gammaproteobacteria","Cellvibrionales","Halieaceae","Pseudohaliea",NA,NA,"0","0","0","5.26662277814352e-05","0","0"
"Bacteria","Proteobacteria","Gammaproteobacteria","Cellvibrionales","Halieaceae","Haliea",NA,NA,"0.000144789391763897","2.55909919708263e-05","0.00010933143825507","0.000605661619486504","0.000344631244568312","6.54246880060191e-05"
"Bacteria","Proteobacteria","Gammaproteobacteria","Cellvibrionales","Spongiibacteraceae","BD1-7_clade",NA,NA,"0.00744458789319369","0","0.00415459465369267","0.00660961158657011","0.0003745991788786","0.000278054924025581"
"Bacteria","Proteobacteria","Gammaproteobacteria","Oceanospirillales","Pseudohongiellaceae","Pseudohongiella",NA,NA,"0","0","0.000573990050839119","0.000473996050032916","0","0"
"Bacteria","Proteobacteria","Gammaproteobacteria","Oceanospirillales","Halomonadaceae","Halomonas",NA,NA,"0","6.39774799270657e-06","0.000245995736073908","0","0","0.00163561720015048"
"Bacteria","Proteobacteria","Gammaproteobacteria","Oceanospirillales","Halomonadaceae","Cobetia",NA,NA,"0.000349907696762751","0","5.46657191275351e-05","0","0","0"
"Bacteria","Proteobacteria","Gammaproteobacteria","Alteromonadales","Shewanellaceae","Shewanella",NA,NA,"0.0050434971464424","0.000134352707846838","0.00150330727600722","0.000394996708360764","0.00143846084689382","0.00119400055610985"
"Bacteria","Proteobacteria","Gammaproteobacteria","Alteromonadales","Colwelliaceae","Thalassotalea",NA,NA,"0","0","0","0.00165898617511521","4.4951901465432e-05","0"
"Bacteria","Proteobacteria","Gammaproteobacteria","Alteromonadales","Alteromonadaceae","Aestuariibacter",NA,NA,"0","0","0","0","0","0.000147205548013543"
"Bacteria","Proteobacteria","Gammaproteobacteria","Alteromonadales","Alteromonadaceae","Alteromonas",NA,NA,"9.65262611759312e-05","0","0.000136664297818838","2.63331138907176e-05","1.4983967155144e-05","0.0235038191661623"
"Bacteria","Proteobacteria","Gammaproteobacteria","Enterobacteriales","Enterobacteriaceae","Klebsiella",NA,NA,"0.00355940588086246","0","0.0129011097140983","0","0","1.63561720015048e-05"
"Bacteria","Proteobacteria","Gammaproteobacteria","Enterobacteriales","Enterobacteriaceae","Lelliottia",NA,NA,"0.000482631305879656","0","0.00112064724211447","0","0","0"
"Bacteria","Proteobacteria","Gammaproteobacteria","Enterobacteriales","Enterobacteriaceae","Leclercia",NA,NA,"0.00241315652939828","0","0.010823812387252","0","0","0"
"Bacteria","Proteobacteria","Gammaproteobacteria","Alteromonadales","Shewanellaceae","Ferrimonas",NA,NA,"4.82631305879656e-05","0.00429928665109881","0.00010933143825507","2.63331138907176e-05","0.00014983967155144","3.27123440030095e-05"
"Bacteria","Proteobacteria","Gammaproteobacteria","Alteromonadales","Moritellaceae","Paramoritella",NA,NA,"0.00203911726734155","0","8.19985786913027e-05","0.000131665569453588","0.000839102160688064","8.17808600075238e-05"
"Bacteria","Proteobacteria","Gammaproteobacteria","Vibrionales","Vibrionaceae","Vibrio",NA,NA,"0.0113780330361129","0.00323086273631682","0.00519324331711584","0.00226464779460171","0.00656297761395307","0.0137555406532655"
"Bacteria","Proteobacteria","Gammaproteobacteria","Vibrionales","Vibrionaceae","Aliivibrio",NA,NA,"0","0","0","0","0","3.27123440030095e-05"
"Bacteria","Proteobacteria","Gammaproteobacteria","Alteromonadales","Pseudoalteromonadaceae","Pseudoalteromonas",NA,NA,"0.000241315652939828","0","0.000163997157382605","2.63331138907176e-05","1.4983967155144e-05","0.0112857586810383"
"Bacteria","Proteobacteria","Gammaproteobacteria","Aeromonadales","Aeromonadaceae","Aeromonas",NA,NA,"0.0074325221105467","0","8.19985786913027e-05","0","0","0"
"Bacteria","Proteobacteria","Gammaproteobacteria","Vibrionales","Vibrionaceae","Grimontia",NA,NA,"7.23946958819484e-05","0","0.000300661455201443","0","0.000164823638706584","9.81370320090286e-05"
"Bacteria","Proteobacteria","Gammaproteobacteria","Vibrionales","Vibrionaceae","Photobacterium",NA,NA,"0.00161681487469685","0.00179776718595055","0.000847318646476794","0.000447662936142199","0.000764182324912344","0.00134120610412339"
"Bacteria","Proteobacteria","Gammaproteobacteria","Pseudomonadales","Moraxellaceae","Moraxella",NA,NA,"0.0100749285102378","0.000345478391606155","0.00267862023724922","2.63331138907176e-05","0.000134855704396296","0.00837436006477044"
"Bacteria","Proteobacteria","Gammaproteobacteria","Pseudomonadales","Moraxellaceae","Psychrobacter",NA,NA,"0.000530894436467621","0","0.00174930301208112","0.000421329822251481","0.00203781953309958","0.0023880011122197"
"Bacteria","Proteobacteria","Gammaproteobacteria","Thiohalorhabdales","Thiohalorhabdaceae","Granulosicoccus",NA,NA,"0.0278719579145501","0","0.0295741540479965","0.00418696510862409","0.00893044442446582","0.0003434796120316"
"Bacteria","Proteobacteria","Gammaproteobacteria","Gammaproteobacteria_Incertae_Sedis","Unknown_Family","Marinicella",NA,NA,"0.000796341654701432","0","5.46657191275351e-05","0","2.9967934310288e-05","4.90685160045143e-05"
"Bacteria","Proteobacteria","Gammaproteobacteria","Arenicellales","Arenicellaceae","Arenicella",NA,NA,"0.00199085413675358","0","0.0101951566172853","0.00413429888084266","0.000734214390602056","0.000294411096027086"
"Bacteria","Proteobacteria","Gammaproteobacteria","Thiotrichales","Thiotrichaceae","Cocleimonas",NA,NA,"0.000361973479409742","0","0.00158530585469852","0.000421329822251481","2.9967934310288e-05","0"
"Bacteria","Proteobacteria","Gammaproteobacteria","Thiotrichales","Thiotrichaceae","Leucothrix",NA,NA,"0.00219597244175243","0","0.00267862023724922","0","0","0"
"Bacteria","Proteobacteria","Gammaproteobacteria","Thiotrichales","Thiotrichaceae","Thiothrix",NA,NA,"0.00101352574234728","0","2.73328595637676e-05","2.63331138907176e-05","0","1.63561720015048e-05"
"Bacteria","Proteobacteria","Gammaproteobacteria","Chromatiales","Chromatiaceae","Candidatus_Thiobios",NA,NA,"0","0","2.73328595637676e-05","0.00155365371955234","0.00014983967155144","0"
"Bacteria","Proteobacteria","Gammaproteobacteria","Tenderiales","Tenderiaceae","Candidatus_Tenderia",NA,NA,"0.00891661337612664","5.11819839416525e-05","0.00929317225168097","0.00497695852534562","0.0186100872066888","0.000654246880060191"
"Bacteria","Proteobacteria","Gammaproteobacteria","Ectothiorhodospirales","Thioalkalispiraceae","Thioprofundum",NA,NA,"0.000289578783527794","0","0.00021866287651014","0.00761026991441738","1.4983967155144e-05","0"
"Bacteria","Proteobacteria","Gammaproteobacteria","Ectothiorhodospirales","Thioalkalispiraceae","Thiohalophilus",NA,NA,"0.000144789391763897","0","0.000437325753020281","0.00236998025016458","0","0"
"Bacteria","Proteobacteria","Gammaproteobacteria","Ectothiorhodospirales","Ectothiorhodospiraceae","Thiogranum",NA,NA,"2.41315652939828e-05","0","0.000136664297818838","0.0205924950625411","0.000389583146033744","0"
"Bacteria","Proteobacteria","Gammaproteobacteria","Diplorickettsiales","Diplorickettsiaceae","Aquicella",NA,NA,"0","0","0.000136664297818838","0","8.9903802930864e-05","0"
"Bacteria","Proteobacteria","Gammaproteobacteria","Steroidobacterales","Woeseiaceae","Woeseia",NA,NA,"0.00577950988790888","6.39774799270657e-05","0.00765320067785492","0.0986965108624095","0.0151487907938506","0.000425260472039124"
"Bacteria","Proteobacteria","Alphaproteobacteria","Sneathiellales","Sneathiellaceae","Taonella",NA,NA,"8.44604785289398e-05","0","0.000628655769966654","0","0","0"
"Bacteria","Proteobacteria","Alphaproteobacteria","Holosporales","Holosporaceae","Candidatus_Bealeia",NA,NA,"4.82631305879656e-05","0","0","0","5.9935868620576e-05","0"
"Bacteria","Proteobacteria","Alphaproteobacteria","Rickettsiales","Anaplasmataceae","Neorickettsia",NA,NA,"0.000458499740585673","0","0","0","0.000554406784740328","0"
"Bacteria","Proteobacteria","Alphaproteobacteria","SAR11_clade","Clade_I","Clade_Ia",NA,NA,"0","0","0","0","0","0.00201180915618509"
"Bacteria","Proteobacteria","Alphaproteobacteria","SAR11_clade","Clade_I","Candidatus",NA,NA,"0.000120657826469914","1.91932439781197e-05","0.00090198436560433","0.000184331797235023","0.000344631244568312","0.173015587431917"
"Bacteria","Proteobacteria","Alphaproteobacteria","Sphingomonadales","Sphingomonadaceae","Parasphingopyxis",NA,NA,"0.00138756500440401","1.27954959854131e-05","0.00125731153993331","0.000816326530612245","0.00298180946387366","0"
"Bacteria","Proteobacteria","Alphaproteobacteria","Sphingomonadales","Sphingomonadaceae","Sphingorhabdus",NA,NA,"0.0074325221105467","0","0.00248729022030285","0.00658327847267939","0.00296682549671851","0.000327123440030095"
"Bacteria","Proteobacteria","Alphaproteobacteria","Sphingomonadales","Sphingomonadaceae","Altererythrobacter",NA,NA,"0.00486251040673753","1.27954959854131e-05","0.000956650084731865","0.000658327847267939","0.00415055890197489","6.54246880060191e-05"
"Bacteria","Proteobacteria","Alphaproteobacteria","Sphingomonadales","Sphingomonadaceae","Erythromicrobium",NA,NA,"0","0","5.46657191275351e-05","0","2.9967934310288e-05","0"
"Bacteria","Proteobacteria","Alphaproteobacteria","Sphingomonadales","Sphingomonadaceae","Erythrobacter",NA,NA,"0.0221407111572292","0.000710150027190429","0.0126277811184606","0.00445029624753127","0.0374449339207048","0.00526668738448454"
"Bacteria","Proteobacteria","Alphaproteobacteria","Sphingomonadales","Sphingomonadaceae","Lutibacterium",NA,NA,"0.00681716719555014","0","0.00336194172634341","0.000342330480579329","0.00113878150379094","9.81370320090286e-05"
"Bacteria","Proteobacteria","Alphaproteobacteria","Sphingomonadales","Sphingomonadaceae","Novosphingobium",NA,NA,"3.61973479409742e-05","0","0","0","0","0"
"Bacteria","Proteobacteria","Alphaproteobacteria","Sphingomonadales","Sphingomonadaceae","Porphyrobacter",NA,NA,"0.00669650936908023","0","0.00560323621057235","0.000342330480579329","0.00418052683628518","0.000196274064018057"
"Bacteria","Proteobacteria","Alphaproteobacteria","Sphingomonadales","Sphingomonadaceae","Sphingomicrobium",NA,NA,"0","0","8.19985786913027e-05","0","0.000209775540172016","0"
"Bacteria","Proteobacteria","Alphaproteobacteria","Sphingomonadales","Sphingomonadaceae","Sphingomonas",NA,NA,"0.00193052522351862","0","0.00267862023724922","0","2.9967934310288e-05","0"
"Bacteria","Proteobacteria","Alphaproteobacteria","Caulobacterales","Caulobacteraceae","Caulobacter",NA,NA,"0.000108592043822923","0","0.00021866287651014","0","7.491983577572e-05","6.54246880060191e-05"
"Bacteria","Proteobacteria","Alphaproteobacteria","Rhizobiales","Hyphomicrobiaceae","Filomicrobium",NA,NA,"0.0107506123384693","0.00020472793576661","0.0160443885639316","0.010533245556287","0.0157181815457461","0.000278054924025581"
"Bacteria","Proteobacteria","Alphaproteobacteria","Rhizobiales","Hyphomicrobiaceae","Hyphomicrobium",NA,NA,"0","0","0","0.000315997366688611","0","0"
"Bacteria","Proteobacteria","Alphaproteobacteria","Rhizobiales","Methyloligellaceae","Methyloceanibacter",NA,NA,"0.00103765730764126","1.91932439781197e-05","0.000847318646476794","0.00186965108624095","0.00403068716473374","0.000179917892016552"
"Bacteria","Proteobacteria","Alphaproteobacteria","Rhizobiales","Stappiaceae","Methyloceanibacter",NA,NA,"3.61973479409742e-05","0","0","2.63331138907176e-05","1.4983967155144e-05","0"
"Bacteria","Proteobacteria","Alphaproteobacteria","Rhizobiales","Rhizobiales_Incertae_Sedis","Anderseniella",NA,NA,"0.00121864404734613","4.4784235948946e-05","0.00120264582080577","0.0106385780118499","0.00232251490904732","0"
"Bacteria","Proteobacteria","Alphaproteobacteria","Rhizobiales","Stappiaceae","Pseudovibrio",NA,NA,"3.61973479409742e-05","0","0.00010933143825507","0","4.4951901465432e-05","0"
"Bacteria","Proteobacteria","Alphaproteobacteria","Rhizobiales","Stappiaceae","Roseibium",NA,NA,"0.000156855174410888","1.27954959854131e-05","0.000191330016946373","0","0.000329647277413168","3.27123440030095e-05"
"Bacteria","Proteobacteria","Alphaproteobacteria","Rhizobiales","Stappiaceae","Labrenzia",NA,NA,"0.000349907696762751","2.55909919708263e-05","0.000163997157382605","5.26662277814352e-05","0.00059935868620576","1.63561720015048e-05"
"Bacteria","Proteobacteria","Alphaproteobacteria","Rhizobiales","Stappiaceae","Stappia",NA,NA,"3.61973479409742e-05","0","0","0","0.000104887770086008","0"
"Bacteria","Proteobacteria","Alphaproteobacteria","Rhizobiales","Rhizobiaceae","Ahrensia",NA,NA,"0.0016771437879318","5.75797319343591e-05","0.00174930301208112","0.0100329163923634","0.00578381132188558","9.81370320090286e-05"
"Bacteria","Proteobacteria","Alphaproteobacteria","Rhizobiales","Rhizobiaceae","Hoeflea",NA,NA,"0.000916999481171346","0.000134352707846838","0.000191330016946373","0.000895325872284398","0.0027570499565465","3.27123440030095e-05"
"Bacteria","Proteobacteria","Alphaproteobacteria","Rhizobiales","Rhizobiaceae","Phyllobacterium",NA,NA,"0.00164094643999083","0.000102363967883305","0.000191330016946373","0.000421329822251481","0.000854086127843208","4.90685160045143e-05"
"Bacteria","Proteobacteria","Alphaproteobacteria","Rhizobiales","Rhizobiaceae","Pseudahrensia",NA,NA,"0.00521241810350028","0.00018553469178849","0.00278795167550429","0.0108492429229756","0.00552908388024813","0.000245342580022572"
"Bacteria","Proteobacteria","Alphaproteobacteria","Rhizobiales","Rhizobiaceae","Aquamicrobium",NA,NA,"0.00095319682911232","6.39774799270657e-06","0.000819985786913027","0.000342330480579329","0.00178309209146214","6.54246880060191e-05"
"Bacteria","Proteobacteria","Alphaproteobacteria","Rhizobiales","Rhizobiaceae","Tianweitania",NA,NA,"0.000374039262056733","5.11819839416525e-05","8.19985786913027e-05","0.00121132323897301","0.000958973897929216","0"
"Bacteria","Proteobacteria","Alphaproteobacteria","Rhizobiales","Rhizobiaceae","Corticibacterium",NA,NA,"2.41315652939828e-05","0","5.46657191275351e-05","0","1.4983967155144e-05","0"
"Bacteria","Proteobacteria","Alphaproteobacteria","Rhizobiales","Rhizobiaceae","Aliihoeflea",NA,NA,"2.41315652939828e-05","1.27954959854131e-05","0","0","0","0"
"Bacteria","Proteobacteria","Alphaproteobacteria","Rhizobiales","Rhizobiaceae","Nitratireductor",NA,NA,"0","6.39774799270657e-06","2.73328595637676e-05","0.000157998683344305","0.000284695375947736","0"
"Bacteria","Proteobacteria","Alphaproteobacteria","Rhizobiales","Rhizobiaceae","Mesorhizobium",NA,NA,"0","1.27954959854131e-05","0","0.000289664252797893","0","1.63561720015048e-05"
"Bacteria","Proteobacteria","Alphaproteobacteria","Rhizobiales","Rhizobiaceae","Methylobrevis",NA,NA,"0","0","2.73328595637676e-05","0.000263331138907176","0.000179807605861728","0"
"Bacteria","Proteobacteria","Alphaproteobacteria","Rhizobiales","Rhizobiaceae","Tepidamorphus",NA,NA,"0.000241315652939828","1.27954959854131e-05","0.000136664297818838","0.00334430546412113","0.000554406784740328","1.63561720015048e-05"
"Bacteria","Proteobacteria","Alphaproteobacteria","Rhizobiales","Rhizobiales_Incertae_Sedis","Bauldia",NA,NA,"0","0","0","0","0.000194791573016872","0"
"Bacteria","Proteobacteria","Alphaproteobacteria","Rhizobiales","Rhizobiales_Incertae_Sedis","Amorphus",NA,NA,"0","0","0","0","8.9903802930864e-05","0"
"Bacteria","Proteobacteria","Alphaproteobacteria","Rhodobacterales","Rhodobacteraceae","Sedimentitalea",NA,NA,"0.00068774961087851","0","0.000683321489094189","5.26662277814352e-05","0.00022475950732716","3.27123440030095e-05"
"Bacteria","Proteobacteria","Alphaproteobacteria","Rhodobacterales","Rhodobacteraceae","Loktanella",NA,NA,"0.00583983880114384","5.75797319343591e-05","0.00609522768272017","0.000500329163923634","0.00244238664628847","0.000294411096027086"
"Bacteria","Proteobacteria","Alphaproteobacteria","Rhodobacterales","Rhodobacteraceae","Albidovulum",NA,NA,"2.41315652939828e-05","0","2.73328595637676e-05","0","0.000164823638706584","0"
"Bacteria","Proteobacteria","Alphaproteobacteria","Rhizobiales","Rhizobiaceae","Lentilitoribacter",NA,NA,"0.00068774961087851","0","0.00021866287651014","2.63331138907176e-05","0.000284695375947736","3.27123440030095e-05"
"Bacteria","Proteobacteria","Alphaproteobacteria","Rhodobacterales","Rhodobacteraceae","Confluentimicrobium",NA,NA,"0.00466945788438567","8.31707239051854e-05","0.0127371125567157","0.000842659644502962","0.0021127393688753","6.54246880060191e-05"
"Bacteria","Proteobacteria","Alphaproteobacteria","Rhodobacterales","Rhodobacteraceae","Albimonas",NA,NA,"0.000205118304998854","0","0","0","0.000119871737241152","0"
"Bacteria","Proteobacteria","Alphaproteobacteria","Rhodobacterales","Rhodobacteraceae","Pontivivens",NA,NA,"3.61973479409742e-05","0","0","0","0.0012586532410321","1.63561720015048e-05"
"Bacteria","Proteobacteria","Alphaproteobacteria","Rhodobacterales","Rhodobacteraceae","Oceanicella",NA,NA,"0.00571918097467392","0.000191932439781197","0.00240529164161155","0.00173798551678736","0.0107584884173934","0.000245342580022572"
"Bacteria","Proteobacteria","Alphaproteobacteria","Rhodobacterales","Rhodobacteraceae","Limibaculum",NA,NA,"0.000736012741466475","0","0.00385393319849123","0.000526662277814352","0.00266714615361563","0"
"Bacteria","Proteobacteria","Alphaproteobacteria","Rhodobacterales","Rhodobacteraceae","Rhodobacter",NA,NA,"0.00241315652939828","0","0.00112064724211447","5.26662277814352e-05","0.00059935868620576","1.63561720015048e-05"
"Bacteria","Proteobacteria","Alphaproteobacteria","Rhodobacterales","Rhodobacteraceae","Fluviibacterium",NA,NA,"0","0","0","0.000131665569453588","1.4983967155144e-05","0"
"Bacteria","Proteobacteria","Alphaproteobacteria","Rhodobacterales","Rhodobacteraceae","Puniceibacterium",NA,NA,"2.41315652939828e-05","0","0","0","0","4.90685160045143e-05"
"Bacteria","Proteobacteria","Alphaproteobacteria","Rhodobacterales","Rhodobacteraceae","Citreimonas",NA,NA,"0.000470565523232664","1.27954959854131e-05","0.000273328595637676","0.000895325872284398","0.00106386166801522","0"
"Bacteria","Proteobacteria","Alphaproteobacteria","Rhodobacterales","Rhodobacteraceae","Aestuariihabitans",NA,NA,"4.82631305879656e-05","6.39774799270657e-06","0","0","2.9967934310288e-05","0"
"Bacteria","Proteobacteria","Alphaproteobacteria","Rhodobacterales","Rhodobacteraceae","Poseidonocella",NA,NA,"0.000156855174410888","0","0.0030339474115782","0.000236998025016458","8.9903802930864e-05","3.27123440030095e-05"
"Bacteria","Proteobacteria","Alphaproteobacteria","Rhodobacterales","Rhodobacteraceae","Hahyoungchilella",NA,NA,"0.000579157567055587","0","0.000765320067785492","0","0","1.63561720015048e-05"
"Bacteria","Proteobacteria","Alphaproteobacteria","Rhodobacterales","Rhodobacteraceae","HIMB11",NA,NA,"2.41315652939828e-05","0","0.000300661455201443","0","0.000119871737241152","0.00109586352410082"
"Bacteria","Proteobacteria","Alphaproteobacteria","Rhodobacterales","Rhodobacteraceae","Aliishimia",NA,NA,"0.000868736350583381","1.91932439781197e-05","0.00565790192969989","0.00086899275839368","0.0021127393688753","0.0655555373820311"
"Bacteria","Proteobacteria","Alphaproteobacteria","Rhodobacterales","Rhodobacteraceae","Mameliella",NA,NA,"0.000144789391763897","1.27954959854131e-05","8.19985786913027e-05","7.89993416721527e-05","0.00029967934310288","9.81370320090286e-05"
"Bacteria","Proteobacteria","Alphaproteobacteria","Rhodobacterales","Rhodobacteraceae","Ruegeria",NA,NA,"0.0227198687242848","0.00153545951824958","0.0266768709342371","0.00732060566161949","0.0422847553118164","0.0020608776721896"
"Bacteria","Proteobacteria","Alphaproteobacteria","Rhodobacterales","Rhodobacteraceae","Ponticoccus",NA,NA,"0.00565885206143896","0.000121557211861425","0.00297928169245066","0.00102699144173799","0.003745991788786","3.27123440030095e-05"
"Bacteria","Proteobacteria","Alphaproteobacteria","Rhodobacterales","Rhodobacteraceae","Donghicola",NA,NA,"2.41315652939828e-05","0","0.00010933143825507","0","7.491983577572e-05","0.00659153731660642"
"Bacteria","Proteobacteria","Alphaproteobacteria","Rhodobacterales","Rhodobacteraceae","Primorskyibacter",NA,NA,"0.021018593371059","0.000518217587409232","0.0147597441644345","0.00315997366688611","0.0183403757978963","0.000474328988043638"
"Bacteria","Proteobacteria","Alphaproteobacteria","Rhodobacterales","Rhodobacteraceae","Sagittula",NA,NA,"2.41315652939828e-05","0","0","0","1.4983967155144e-05","0"
"Bacteria","Proteobacteria","Alphaproteobacteria","Rhodobacterales","Rhodobacteraceae","Marimonas",NA,NA,"0.00124277561264011","3.19887399635328e-05","0.000300661455201443","0.000605661619486504","0.00128862117534238","0.00420353620438673"
"Bacteria","Proteobacteria","Alphaproteobacteria","Rhodobacterales","Rhodobacteraceae","Salinihabitans",NA,NA,"2.41315652939828e-05","0","0.000464658612584049","0.000131665569453588","0.000164823638706584","0"
"Bacteria","Proteobacteria","Alphaproteobacteria","Rhodobacterales","Rhodobacteraceae","Aestuariicoccus",NA,NA,"0.00312503770557077","0","0.00459192040671295","0.000421329822251481","0.00106386166801522","0"
"Bacteria","Proteobacteria","Alphaproteobacteria","Rhodobacterales","Rhodobacteraceae","Thalassococcus",NA,NA,"0.00353527431556848","4.4784235948946e-05","0.0112611381402722","0.000236998025016458","0.0022475950732716","0.00233893259621518"
"Bacteria","Proteobacteria","Alphaproteobacteria","Rhodobacterales","Rhodobacteraceae","Roseibacterium",NA,NA,"0","0","0","0","1.4983967155144e-05","0"
"Bacteria","Proteobacteria","Alphaproteobacteria","Rhodobacterales","Rhodobacteraceae","Planktotalea",NA,NA,"0.00195465678881261","3.19887399635328e-05","0.00273328595637676","0.000500329163923634","0.00115376547094609","0.00037619195603461"
"Bacteria","Proteobacteria","Alphaproteobacteria","Rhodobacterales","Rhodobacteraceae","Aliiroseovarius",NA,NA,"0.00623800962849455","3.83864879562394e-05","0.00828185644782157","0.0019486504279131","0.0044951901465432","0.000196274064018057"
"Bacteria","Proteobacteria","Alphaproteobacteria","Rhodobacterales","Rhodobacteraceae","Pseudaestuariivita",NA,NA,"0.000289578783527794","5.11819839416525e-05","2.73328595637676e-05","7.89993416721527e-05","0.000644310587671192","0"
"Bacteria","Proteobacteria","Alphaproteobacteria","Rhodobacterales","Rhodobacteraceae","Pseudomaribius",NA,NA,"8.44604785289398e-05","0","0","0","0","0"
"Bacteria","Proteobacteria","Alphaproteobacteria","Rhodobacterales","Rhodobacteraceae","Celeribacter",NA,NA,"0.00843398207024699","0","0.0197616574646039","0.00192231731402238","0.00987443435523989","0.000637890708058686"
"Bacteria","Proteobacteria","Alphaproteobacteria","Rhodobacterales","Rhodobacteraceae","Cognatishimia",NA,NA,"2.41315652939828e-05","0","0","0","0","3.27123440030095e-05"
"Bacteria","Proteobacteria","Alphaproteobacteria","Rhodobacterales","Rhodobacteraceae","Phaeobacter",NA,NA,"0.0037886557511553","1.91932439781197e-05","0.00226862734379271","0.00086899275839368","0.00430039857352633","0.00533211207249055"
"Bacteria","Proteobacteria","Alphaproteobacteria","Rhodobacterales","Rhodobacteraceae","Roseovarius",NA,NA,"0.008409850504953","0.000249512171715556","0.00530257475537091","0.00821593153390388","0.00852587731127693","0.000245342580022572"
"Bacteria","Proteobacteria","Alphaproteobacteria","Rhodobacterales","Rhodobacteraceae","Tropicibacter",NA,NA,"0.000132723609116905","6.39774799270657e-05","0.000464658612584049","7.89993416721527e-05","0.000344631244568312","3.27123440030095e-05"
"Bacteria","Proteobacteria","Alphaproteobacteria","Rhodobacterales","Rhodobacteraceae","Aquicoccus",NA,NA,"0.00353527431556848","6.39774799270657e-06","0.00423659323238397","0.000658327847267939","0.0013635410111181","0.000310767268028591"
"Bacteria","Proteobacteria","Alphaproteobacteria","Rhodobacterales","Rhodobacteraceae","Thalassobacter",NA,NA,"0.000289578783527794","0","0","5.26662277814352e-05","7.491983577572e-05","4.90685160045143e-05"
"Bacteria","Proteobacteria","Alphaproteobacteria","Rhodobacterales","Rhodobacteraceae","Halocynthiibacter",NA,NA,"0.000929065263818338","0","0.00147597441644345","0","2.9967934310288e-05","6.54246880060191e-05"
"Bacteria","Proteobacteria","Alphaproteobacteria","Rhodobacterales","Rhodobacteraceae","Tateyamaria",NA,NA,"0.0192207917566573","8.95684718978919e-05","0.0360520417646094","0.0028439763001975","0.00945488327489586","0.00140663079212941"
"Bacteria","Proteobacteria","Alphaproteobacteria","Rhodobacterales","Rhodobacteraceae","Seohaeicola",NA,NA,"4.82631305879656e-05","0","0.000163997157382605","0.000184331797235023","7.491983577572e-05","0"
"Bacteria","Proteobacteria","Alphaproteobacteria","Rhodobacterales","Rhodobacteraceae","Aestuariibius",NA,NA,"0.00784275872054441","1.91932439781197e-05","0.00475591756409556","0.000526662277814352","0.00489975725973209","0.000474328988043638"
"Bacteria","Proteobacteria","Alphaproteobacteria","Rhodobacterales","Rhodobacteraceae","Actibacterium",NA,NA,"0.0209341328925301","0.000953264450913279","0.00948450226862734","0.00460829493087558","0.0270910126165003","0.0010304388360948"
"Bacteria","Proteobacteria","Alphaproteobacteria","Rhodobacterales","Rhodobacteraceae","Pseudooceanicola",NA,NA,"0.0129827821281627","5.11819839416525e-05","0.00691521346963319","0.00181698485845951","0.0123467889358387","0.0006869592240632"
"Bacteria","Proteobacteria","Alphaproteobacteria","Rhodobacterales","Rhodobacteraceae","Palleronia",NA,NA,"0","0","0","0","0.000254727441637448","0"
"Bacteria","Proteobacteria","Alphaproteobacteria","Rhodobacterales","Rhodobacteraceae","Nereida",NA,NA,"0.0085546398967169","6.39774799270657e-06","0.0102498223364128","2.63331138907176e-05","0.000539422817585184","0.00503770097646347"
"Bacteria","Proteobacteria","Alphaproteobacteria","Rhodobacterales","Rhodobacteraceae","Yoonia",NA,NA,"0.00557439158291003","6.39774799270657e-06","0.00215929590553764","0.000579328505595787","0.00431538254068147","0.000147205548013543"
"Bacteria","Proteobacteria","Alphaproteobacteria","Rhodobacterales","Rhodobacteraceae","Limimaricola",NA,NA,"0.00790308763377937","7.03752279197722e-05","0.00582189908708249","0.000473996050032916","0.00949983517636129","0.000556109848051162"
"Bacteria","Proteobacteria","Alphaproteobacteria","Rhodobacterales","Rhodobacteraceae","Cognatiyoonia",NA,NA,"0.0016771437879318","6.39774799270657e-06","0.000136664297818838","2.63331138907176e-05","0.00152836464982469","0.000310767268028591"
"Bacteria","Proteobacteria","Alphaproteobacteria","Rhodobacterales","Rhodobacteraceae","Lentibacter",NA,NA,"0.00304057722704183","3.83864879562394e-05","0.000792652927349259","0.000131665569453588","0.00395576732895802","1.63561720015048e-05"
"Bacteria","Proteobacteria","Alphaproteobacteria","Rhodobacterales","Rhodobacteraceae","Roseobacter",NA,NA,"0.000108592043822923","1.27954959854131e-05","2.73328595637676e-05","5.26662277814352e-05","5.9935868620576e-05","0"
"Bacteria","Proteobacteria","Alphaproteobacteria","Rhodobacterales","Rhodobacteraceae","Pseudopelagicola",NA,NA,"0.00316123505351175","6.39774799270657e-06","0.0114798010167824","0.000500329163923634","5.9935868620576e-05","0"
"Bacteria","Proteobacteria","Alphaproteobacteria","Rhodobacterales","Rhodobacteraceae","Amylibacter",NA,NA,"0.00576744410526189","0","0.00880118077953316","0.00176431863067808","0.00343132847852798","0.000245342580022572"
"Bacteria","Proteobacteria","Alphaproteobacteria","Rhodobacterales","Rhodobacteraceae","Pseudooctadecabacter",NA,NA,"0.00153235439616791","1.27954959854131e-05","0.00281528453506806","0.00136932192231731","0.001872995894393","0.000114493204010533"
"Bacteria","Proteobacteria","Alphaproteobacteria","Rhodobacterales","Rhodobacteraceae","Planktomarina",NA,NA,"1.20657826469914e-05","0","0","0","0","0"
"Bacteria","Proteobacteria","Alphaproteobacteria","Rhodobacterales","Rhodobacteraceae","Litoreibacter",NA,NA,"0.00457293162320974","1.91932439781197e-05","0.00647788771661291","0.00244897959183673","0.0022475950732716","0.000179917892016552"
"Bacteria","Proteobacteria","Alphaproteobacteria","Rhodobacterales","Rhodobacteraceae","Pseudopuniceibacterium",NA,NA,"0.00115831513411117","5.75797319343591e-05","0.000546657191275351","0.000552995391705069","0.00179807605861728","6.54246880060191e-05"
"Bacteria","Proteobacteria","Alphaproteobacteria","Rhodobacterales","Rhodobacteraceae","Litorisediminivivens",NA,NA,"0.000615354914996561","0.000102363967883305","0.000546657191275351","0.000447662936142199","0.00217267523749588","6.54246880060191e-05"
"Bacteria","Proteobacteria","Alphaproteobacteria","Rhodobacterales","Rhodobacteraceae","Flavimaricola",NA,NA,"0","0","0.00010933143825507","0","4.4951901465432e-05","0"
"Bacteria","Proteobacteria","Alphaproteobacteria","Rhodobacterales","Rhodobacteraceae","Pelagimonas",NA,NA,"0.00133930187381605","3.19887399635328e-05","0.0071612092057071","0.000342330480579329","0.000179807605861728","0"
"Bacteria","Proteobacteria","Alphaproteobacteria","Rhodobacterales","Rhodobacteraceae","Pelagicola",NA,NA,"2.41315652939828e-05","0","0","0","1.4983967155144e-05","0"
"Bacteria","Proteobacteria","Alphaproteobacteria","Rhodobacterales","Rhodobacteraceae","Ascidiaceihabitans",NA,NA,"0.000277513000880802","0","8.19985786913027e-05","5.26662277814352e-05","0.00014983967155144","1.63561720015048e-05"
"Bacteria","Proteobacteria","Alphaproteobacteria","Rhodobacterales","Rhodobacteraceae","Epibacterium",NA,NA,"0.00330602444527564","3.19887399635328e-05","0.00112064724211447","0.000500329163923634","0.00683268902274566","0.00418718003238522"
"Bacteria","Proteobacteria","Alphaproteobacteria","Rhodobacterales","Rhodobacteraceae","Sulfitobacter",NA,NA,"0.0245418019039805","0.00119637887463613","0.0243262450117531","0.00545095457537854","0.0330696155114028","0.0125942524411587"
"Bacteria","Proteobacteria","Alphaproteobacteria","Rhodobacterales","Rhodobacteraceae","Marivivens",NA,NA,"0.000337841914115759","0","0.000245995736073908","0","0.000179807605861728","0.000866877116079753"
"Bacteria","Proteobacteria","Alphaproteobacteria","Rhodobacterales","Rhodobacteraceae","Roseivivax",NA,NA,"0","0","0","0","4.4951901465432e-05","0"
"Bacteria","Proteobacteria","Alphaproteobacteria","Rhodobacterales","Rhodobacteraceae","Pseudoseohaeicola",NA,NA,"4.82631305879656e-05","6.39774799270657e-06","0.00021866287651014","2.63331138907176e-05","0.000404567113188888","0"
"Bacteria","Proteobacteria","Alphaproteobacteria","Rhodobacterales","Rhodobacteraceae","Gemmobacter",NA,NA,"0","0","0","2.63331138907176e-05","0.000104887770086008","0"
"Bacteria","Proteobacteria","Alphaproteobacteria","Rhodobacterales","Rhodobacteraceae","Acidimangrovimonas",NA,NA,"6.0328913234957e-05","0","0","7.89993416721527e-05","7.491983577572e-05","0"
"Bacteria","Proteobacteria","Alphaproteobacteria","Rhodobacterales","Rhodobacteraceae","Rhodovulum",NA,NA,"2.41315652939828e-05","0","0","0.000131665569453588","0.000764182324912344","0"
"Bacteria","Proteobacteria","Alphaproteobacteria","Rhodobacterales","Rhodobacteraceae","Hwanghaeicola",NA,NA,"1.20657826469914e-05","0","0","0.00547728768926926","0.00022475950732716","1.63561720015048e-05"
"Bacteria","Proteobacteria","Alphaproteobacteria","Rhodobacterales","Rhodobacteraceae","Aestuariivita",NA,NA,"0.000120657826469914","0","0.000163997157382605","2.63331138907176e-05","0.000329647277413168","0"
"Bacteria","Proteobacteria","Alphaproteobacteria","Rhodobacterales","Rhodobacteraceae","Psychromarinibacter",NA,NA,"0.000313710348821776","8.95684718978919e-05","2.73328595637676e-05","0.000526662277814352","0.00166322035422098","8.17808600075238e-05"
"Bacteria","Proteobacteria","Alphaproteobacteria","Rhodobacterales","Rhodobacteraceae","Boseongicola",NA,NA,"0.00704641706584298","7.03752279197722e-05","0.00363527032198109","0.00371296905859118","0.00349126434714855","9.81370320090286e-05"
"Bacteria","Proteobacteria","Alphaproteobacteria","Rhodobacterales","Rhodobacteraceae","Marivita",NA,NA,"0.0120295852990504","0.000665365791241483","0.00882851363909692","0.00276497695852535","0.011028199826186","0.000556109848051162"
"Bacteria","Proteobacteria","Alphaproteobacteria","Rhodobacterales","Rhodobacteraceae","Octadecabacter",NA,NA,"0.0129948479108097","1.27954959854131e-05","0.0256655551303777","0.000368663594470046","0.00298180946387366","9.81370320090286e-05"
"Bacteria","Proteobacteria","Alphaproteobacteria","Rhodobacterales","Rhodobacteraceae","Nioella",NA,NA,"0.000313710348821776","0","0.000136664297818838","5.26662277814352e-05","0.00052443885043004","0"
"Bacteria","Proteobacteria","Alphaproteobacteria","Rhodobacterales","Rhodobacteraceae","Silicimonas",NA,NA,"1.20657826469914e-05","0","0","0","2.9967934310288e-05","0"
"Bacteria","Proteobacteria","Alphaproteobacteria","Rhodobacterales","Rhodobacteraceae","Pseudoruegeria",NA,NA,"0.0374280577709673","0.00101724193084034","0.033865412999508","0.0192495062541145","0.0371602385447571","0.00418718003238522"
"Bacteria","Proteobacteria","Alphaproteobacteria","Rhodobacterales","Rhodobacteraceae","Shimia",NA,NA,"0.0125001508222831","0.000191932439781197","0.00787186355436506","0.00882159315339039","0.0183403757978963","0.00119400055610985"
"Bacteria","Proteobacteria","Alphaproteobacteria","Rhodobacterales","Rhodobacteraceae","Lutimaribacter",NA,NA,"0.000675683828231518","1.91932439781197e-05","0.000191330016946373","0.00294930875576037","0.00185801192723786","1.63561720015048e-05"
"Bacteria","Proteobacteria","Alphaproteobacteria","Rhodobacterales","Rhodobacteraceae","Maribius",NA,NA,"0.000180986739704871","0","0","0","0","0"
"Bacteria","Proteobacteria","Alphaproteobacteria","Rhodobacterales","Rhodobacteraceae","Thalassobius",NA,NA,"0.00300437987910086","1.91932439781197e-05","0.00215929590553764","0.000421329822251481","0.00145344481404897","0.00212630236019562"
"Bacteria","Proteobacteria","Alphaproteobacteria","Rhodobacterales","Rhodobacteraceae","Falsirhodobacter",NA,NA,"0.000337841914115759","1.27954959854131e-05","0.00021866287651014","0","5.9935868620576e-05","3.27123440030095e-05"
"Bacteria","Proteobacteria","Alphaproteobacteria","Rhodobacterales","Rhodobacteraceae","Jannaschia",NA,NA,"0.000120657826469914","8.95684718978919e-05","5.46657191275351e-05","2.63331138907176e-05","0.000929005963618928","4.90685160045143e-05"
"Bacteria","Proteobacteria","Alphaproteobacteria","Rhodobacterales","Rhodobacteraceae","Defluviimonas",NA,NA,"0.000325776131468768","0","0","0","0.000254727441637448","0"
"Bacteria","Proteobacteria","Alphaproteobacteria","Rhodobacterales","Rhodobacteraceae","Oceanicola",NA,NA,"0.000482631305879656","3.19887399635328e-05","0","0.000263331138907176","0.00130360514249753","9.81370320090286e-05"
"Bacteria","Proteobacteria","Alphaproteobacteria","Rhodobacterales","Rhodobacteraceae","Antarctobacter",NA,NA,"0.000180986739704871","0","5.46657191275351e-05","7.89993416721527e-05","0.000284695375947736","4.90685160045143e-05"
"Bacteria","Proteobacteria","Alphaproteobacteria","Rhodobacterales","Rhodobacteraceae","Brevirhabdus",NA,NA,"1.20657826469914e-05","0","0","2.63331138907176e-05","4.4951901465432e-05","0"
"Bacteria","Proteobacteria","Alphaproteobacteria","Rhizobiales","Rhizobiaceae","Cohaesibacter",NA,NA,"0.00101352574234728","0","0.000136664297818838","0.000315997366688611","0.00022475950732716","0"
"Bacteria","Proteobacteria","Alphaproteobacteria","Rhodobacterales","Rhodobacteraceae","Tianweitania",NA,NA,"2.41315652939828e-05","0","0.000464658612584049","0","4.4951901465432e-05","0.00466150902042886"
"Bacteria","Proteobacteria","Alphaproteobacteria","Rhodobacterales","Rhodobacteraceae","Amaricoccus",NA,NA,"0.00512795762497134","3.19887399635328e-05","0.00281528453506806","0.000342330480579329","0.00317660103689053","4.90685160045143e-05"
"Bacteria","Proteobacteria","Alphaproteobacteria","Rhodobacterales","Rhodobacteraceae","Chachezhania",NA,NA,"0.00113418356881719","0","0","0","0","0"
"Bacteria","Proteobacteria","Alphaproteobacteria","Rhodobacterales","Rhodobacteraceae","Maritimibacter",NA,NA,"0.014044571001098","0.000594990563321711","0.0444432296506861","0.00202764976958525","0.00903533219455183","0.000474328988043638"
"Bacteria","Proteobacteria","Alphaproteobacteria","Rhodobacterales","Rhodobacteraceae","Phyllobacterium",NA,NA,"0.000530894436467621","0","0.000628655769966654","0","0.000119871737241152","0"
"Bacteria","Proteobacteria","Alphaproteobacteria","Rhodobacterales","Rhodobacteraceae","Leisingera",NA,NA,"0.000892867915877363","0","0.0019406330290275","0.000447662936142199","0.0027570499565465","0.000294411096027086"
"Bacteria","Proteobacteria","Alphaproteobacteria","Rhodobacterales","Rhodobacteraceae","Pseudodonghicola",NA,NA,"0","0","0.00021866287651014","0","8.9903802930864e-05","1.63561720015048e-05"
"Bacteria","Proteobacteria","Alphaproteobacteria","Rhodobacterales","Rhodobacteraceae","Pelagibaca",NA,NA,"0.000108592043822923","0.000255909919708263","0","0.0013429888084266","0.00284695375947736","1.63561720015048e-05"
"Bacteria","Proteobacteria","Alphaproteobacteria","Rhodobacterales","Rhodobacteraceae","Methylarcula",NA,NA,"3.61973479409742e-05","0","0","0","5.9935868620576e-05","0"
"Bacteria","Proteobacteria","Alphaproteobacteria","Rhodobacterales","Rhodobacteraceae","Thioclava",NA,NA,"0.00283545892204298","0","0.00090198436560433","0.000947992100065833","0.00113878150379094","3.27123440030095e-05"
"Bacteria","Proteobacteria","Alphaproteobacteria","Rhodobacterales","Rhodobacteraceae","Wenxinia",NA,NA,"0.000120657826469914","0","0","0.00010533245556287","0.000239743474482304","0"
"Bacteria","Proteobacteria","Alphaproteobacteria","Rhodobacterales","Rhodobacteraceae","Jhaorihella",NA,NA,"0.000772210089407449","0","0.000519324331711584","0.000315997366688611","0.00170817225568642","0.000147205548013543"
"Bacteria","Proteobacteria","Alphaproteobacteria","Rhodobacterales","Rhodobacteraceae","Sinirhodobacter",NA,NA,"0","0","0","2.63331138907176e-05","2.9967934310288e-05","0"
"Bacteria","Proteobacteria","Alphaproteobacteria","Rhodobacterales","Rhodobacteraceae","Halovulum",NA,NA,"0.000361973479409742","0","0.000163997157382605","0","5.9935868620576e-05","0"
"Bacteria","Proteobacteria","Alphaproteobacteria","Rhodobacterales","Rhodobacteraceae","Cribrihabitans",NA,NA,"0.00100145995970029","6.39774799270657e-06","5.46657191275351e-05","2.63331138907176e-05","0.00014983967155144","0"
"Bacteria","Proteobacteria","Alphaproteobacteria","Caulobacterales","Hyphomonadaceae","Ponticaulis",NA,NA,"0.000313710348821776","0","0","0","0","0"
"Bacteria","Proteobacteria","Alphaproteobacteria","Caulobacterales","Hyphomonadaceae","Hyphomonas",NA,NA,"0.0195345021054791","9.59662198905985e-05","0.0108511452468157","0.01174456879526","0.0226707423057329","0.00207723384419111"
"Bacteria","Proteobacteria","Alphaproteobacteria","Caulobacterales","Hyphomonadaceae","Hirschia",NA,NA,"0.00193052522351862","0","0.00207729732684633","0.00010533245556287","5.9935868620576e-05","0.000179917892016552"
"Bacteria","Proteobacteria","Alphaproteobacteria","Caulobacterales","Hyphomonadaceae","Fretibacter",NA,NA,"0.000929065263818338","6.39774799270657e-06","0.00273328595637676","0.0043449637919684","0.00059935868620576","9.81370320090286e-05"
"Bacteria","Proteobacteria","Alphaproteobacteria","Caulobacterales","Hyphomonadaceae","Litorimonas",NA,NA,"0.00213564352851748","0","0.00120264582080577","7.89993416721527e-05","0.000404567113188888","0.000179917892016552"
"Bacteria","Proteobacteria","Alphaproteobacteria","Caulobacterales","Hyphomonadaceae","Algimonas",NA,NA,"0.00669650936908023","1.27954959854131e-05","0.000519324331711584","0.00202764976958525","0.00235248284335761","0.000883233288081258"
"Bacteria","Proteobacteria","Alphaproteobacteria","Caulobacterales","Hyphomonadaceae","Hellea",NA,NA,"4.82631305879656e-05","0","0","0","0","0"
"Bacteria","Proteobacteria","Alphaproteobacteria","Caulobacterales","Parvularculaceae","Parvularcula",NA,NA,"0.00200291991940057","0","0.000519324331711584","0.00010533245556287","0.000584374719050616","8.17808600075238e-05"
"Bacteria","Proteobacteria","Alphaproteobacteria","Caulobacterales","Parvularculaceae","Hyphococcus",NA,NA,"0.000530894436467621","0","0.000327994314765211","0","4.4951901465432e-05","1.63561720015048e-05"
"Bacteria","Proteobacteria","Alphaproteobacteria","Caulobacterales","Parvularculaceae","Marinicaulis",NA,NA,"0.00109798622087622","0","0.00021866287651014","0.000421329822251481","0.00116874943810123","1.63561720015048e-05"
"Bacteria","Proteobacteria","Alphaproteobacteria","Caulobacterales","Parvularculaceae","Aquisalinus",NA,NA,"4.82631305879656e-05","0","0.000519324331711584","0","5.9935868620576e-05","0"
"Bacteria","Proteobacteria","Deltaproteobacteria","Bdellovibrionales","Bdellovibrionaceae","Bdellovibrio",NA,NA,"0.00016892095705788","0","0.00125731153993331","0","0","0"
"Bacteria","Proteobacteria","Deltaproteobacteria","Desulfobacterales","Desulfobulbaceae","Desulfopila",NA,NA,"0.000108592043822923","6.39774799270657e-06","0.000847318646476794","0.00716260697827518","0.000284695375947736","6.54246880060191e-05"
"Bacteria","Proteobacteria","Deltaproteobacteria","Desulfobacterales","Desulfobulbaceae","Desulfobacterium",NA,NA,"0.000277513000880802","1.27954959854131e-05","0.000327994314765211","0.003449637919684","0.000929005963618928","1.63561720015048e-05"
"Bacteria","Proteobacteria","Deltaproteobacteria","Desulfobacterales","Desulfobulbaceae","Desulforhopalus",NA,NA,"0.00208738039792951","0.000262307667700969","0.00237795878204778","0.0318367346938776","0.00740207977464113","0.000245342580022572"
"Bacteria","Proteobacteria","Deltaproteobacteria","Desulfobacterales","Desulfobulbaceae","Desulfotalea",NA,NA,"0.000506762871173639","0","0.000519324331711584","0.00144832126398947","0.000284695375947736","0.000147205548013543"
"Bacteria","Proteobacteria","Deltaproteobacteria","Desulfobacterales","Desulfobulbaceae","Desulfocapsa",NA,NA,"0","0","0","0.0015009874917709","2.9967934310288e-05","1.63561720015048e-05"
"Bacteria","Proteobacteria","Deltaproteobacteria","Desulfobacterales","Desulfobulbaceae","Desulfobulbus",NA,NA,"4.82631305879656e-05","9.59662198905985e-05","0.000437325753020281","0.00376563528637261","0.000584374719050616","0"
"Bacteria","Proteobacteria","Deltaproteobacteria","Desulfobacterales","Desulfobulbaceae","Desulfurivibrio",NA,NA,"0","0","0.000245995736073908","0.000895325872284398","0","0"
"Bacteria","Proteobacteria","Deltaproteobacteria","Desulfobacterales","Desulfobacteraceae","Sva0081_sediment_group",NA,NA,"7.23946958819484e-05","0","0.00166730443338982","0.0354970375246873","0.000209775540172016","0"
"Bacteria","Proteobacteria","Deltaproteobacteria","Desulfobacterales","Desulfobacteraceae","Algorimarina",NA,NA,"0","0","0.00021866287651014","0.00466096115865701","5.9935868620576e-05","0"
"Bacteria","Proteobacteria","Deltaproteobacteria","Desulfobacterales","Desulfobacteraceae","Desulfosarcina",NA,NA,"1.20657826469914e-05","1.27954959854131e-05","0.000136664297818838","0.00189598420013167","4.4951901465432e-05","0"
"Bacteria","Proteobacteria","Deltaproteobacteria","Desulfobacterales","Desulfobacteraceae","Desulfatibacillum",NA,NA,"0","0","0.00021866287651014","0.00645161290322581","0","0"
"Bacteria","Proteobacteria","Deltaproteobacteria","Desulfobacterales","Desulfobacteraceae","Desulfobotulus",NA,NA,"0","5.11819839416525e-05","0","0","0","0"
"Bacteria","Proteobacteria","Deltaproteobacteria","Desulfobacterales","Desulfobacteraceae","Desulfatiferula",NA,NA,"0","0.000294296407664502","0","0","0","0"
"Bacteria","Proteobacteria","Deltaproteobacteria","Desulfobacterales","Desulfobacteraceae","Desulfobacula",NA,NA,"0","0","0.00010933143825507","0.00097432521395655","0","0"
"Bacteria","Proteobacteria","Deltaproteobacteria","Desulfobacterales","Desulfobacteraceae","Desulfospira",NA,NA,"0","0","0","0.00118499012508229","0","0"
"Bacteria","Proteobacteria","Deltaproteobacteria","Desulfarculales","Desulfarculaceae","Desulfatiglans",NA,NA,"0","0","0","0.00502962475312706","0","0"
"Bacteria","Proteobacteria","Deltaproteobacteria","Myxococcales","Haliangiaceae","Haliangium",NA,NA,"0.000156855174410888","0","0","5.26662277814352e-05","2.9967934310288e-05","0"
"Bacteria","Proteobacteria","Deltaproteobacteria","Bdellovibrionales","Bacteriovoracaceae","Peredibacter",NA,NA,"3.61973479409742e-05","0","0.000191330016946373","0","0","0"
"Bacteria","Proteobacteria","Deltaproteobacteria","Bdellovibrionales","Bdellovibrionaceae","OM27_clade",NA,NA,"7.23946958819484e-05","0","0.000355327174328978","7.89993416721527e-05","0","0"
"Bacteria","Deinococcus-Thermus","Deinococci","Deinococcales","Deinococcaceae","Deinococcus",NA,NA,"0.000313710348821776","0","0.000519324331711584","0","1.4983967155144e-05","3.27123440030095e-05"
"Bacteria","Deinococcus-Thermus","Deinococci","Deinococcales","Trueperaceae","Truepera",NA,NA,"0.00158061752675587","0","0.000628655769966654","0.00273864384463463","0.00118373340525638","0.0003434796120316"
"Bacteria","Calditrichaeota","Calditrichia","Calditrichales","Calditrichaceae","Calorithrix",NA,NA,"0","0","0","0.000157998683344305","1.4983967155144e-05","0"
"Bacteria","Bacteroidetes","Bacteroidia","Cytophagales","Cyclobacteriaceae","Algoriphagus",NA,NA,"0.000108592043822923","0","0","0","0.00014983967155144","8.17808600075238e-05"
"Bacteria","Bacteroidetes","Bacteroidia","Cytophagales","Spirosomaceae","Arcticibacterium",NA,NA,"0","1.91932439781197e-05","0","0","8.9903802930864e-05","0.000130849376012038"
"Bacteria","Bacteroidetes","Bacteroidia","Cytophagales","Cyclobacteriaceae","Ekhidna",NA,NA,"0.000289578783527794","0","2.73328595637676e-05","0","0.000389583146033744","1.63561720015048e-05"
"Bacteria","Bacteroidetes","Bacteroidia","Cytophagales","Cyclobacteriaceae","Fulvivirga",NA,NA,"0.00798754811230831","0.00063337705127795","0.00232329306292024","0.0106122448979592","0.0296083190985645","0.00106315118009781"
"Bacteria","Bacteroidetes","Bacteroidia","Cytophagales","Cyclobacteriaceae","Fabibacter",NA,NA,"0","0","0","0","0","3.27123440030095e-05"
"Bacteria","Bacteroidetes","Bacteroidia","Cytophagales","Cyclobacteriaceae","Persicobacter",NA,NA,"0.000277513000880802","1.91932439781197e-05","0","0.000236998025016458","0.0003745991788786","0"
"Bacteria","Bacteroidetes","Bacteroidia","Cytophagales","Cyclobacteriaceae","Marinoscillum",NA,NA,"0","0","0","0","0","0.00386005659235513"
"Bacteria","Bacteroidetes","Bacteroidia","Chitinophagales","Chitinophagaceae","Taibaiella",NA,NA,"0.000470565523232664","0","0.00117531296124201","0","1.4983967155144e-05","0"
"Bacteria","Bacteroidetes","Bacteroidia","Chitinophagales","Saprospiraceae","Portibacter",NA,NA,"0.00474185258026762","7.03752279197722e-05","0.00612256054228393","0.00826859776168532","0.0028619377266325","8.17808600075238e-05"
"Bacteria","Bacteroidetes","Bacteroidia","Chitinophagales","Saprospiraceae","Rubidimonas",NA,NA,"0.00540547062585215","0","0.00576723336795496","0.00076366030283081","0.00082411819353292","0.000114493204010533"
"Bacteria","Bacteroidetes","Bacteroidia","Chitinophagales","Saprospiraceae","Lewinella",NA,NA,"0.00202705148469455","0","0.00166730443338982","0.00163265306122449","0.0029967934310288","0.000114493204010533"
"Bacteria","Bacteroidetes","Bacteroidia","Bacteroidales","Marinilabiliaceae","Labilibacter",NA,NA,"3.61973479409742e-05","0.0555516458206711","0.00338927458590718","2.63331138907176e-05","0.000359615211723456","0.00071967156806621"
"Bacteria","Bacteroidetes","Bacteroidia","Bacteroidales","Prolixibacteraceae","Roseimarinus",NA,NA,"0","0","2.73328595637676e-05","0","0","6.54246880060191e-05"
"Bacteria","Bacteroidetes","Bacteroidia","Bacteroidales","Prolixibacteraceae","Maribellus",NA,NA,"0","0","0","0.000895325872284398","0","0"
"Bacteria","Bacteroidetes","Bacteroidia","Bacteroidales","Prolixibacteraceae","Draconibacterium",NA,NA,"0","0","0","0.00121132323897301","0","0"
"Bacteria","Bacteroidetes","Bacteroidia","Bacteroidales","Rikenellaceae","Rikenellaceae_RC9_gut_group",NA,NA,"0","0.0173059083202713","0.000491991472147816","0","0.000434535047499176","0.000130849376012038"
"Bacteria","Bacteroidetes","Bacteroidia","Bacteroidales","Rikenellaceae","dgA-11_gut_group",NA,NA,"0","0.0136336009724577","0.000273328595637676","0","5.9935868620576e-05","6.54246880060191e-05"
"Bacteria","Bacteroidetes","Bacteroidia","Bacteroidales","Bacteroidaceae","Bacteroides",NA,NA,"0","0","0","0","0","0.000245342580022572"
"Bacteria","Bacteroidetes","Bacteroidia","Bacteroidales","Rikenellaceae","Rikenella",NA,NA,"0.000180986739704871","0.121921883497009","0.00595856338490133","0.000210664911125741","0.00241241871197818","0.00112857586810383"
"Bacteria","Bacteroidetes","Bacteroidia","Bacteroidales","Rikenellaceae","Alistipes",NA,NA,"0.000108592043822923","0.0969066888455264","0.00336194172634341","0","0.000239743474482304","0.00193002829617756"
"Bacteria","Bacteroidetes","Bacteroidia","Bacteroidales","Marinifilaceae","Odoribacter",NA,NA,"3.61973479409742e-05","0.0557115895204888","0.0020226316077188","7.89993416721527e-05","0.000134855704396296","0.000572466020052667"
"Bacteria","Bacteroidetes","Bacteroidia","Bacteroidales","Tannerellaceae","Parabacteroides",NA,NA,"0","0.00612904257701289","8.19985786913027e-05","0","2.9967934310288e-05","6.54246880060191e-05"
"Bacteria","Bacteroidetes","Bacteroidia","Bacteroidales","Tannerellaceae","Macellibacteroides",NA,NA,"9.65262611759312e-05","0.00229039378138895","8.19985786913027e-05","2.63331138907176e-05","0.00014983967155144","0.000310767268028591"
"Bacteria","Bacteroidetes","Bacteroidia","Flavobacteriales","Schleiferiaceae","Schleiferia",NA,NA,"0.00162888065734384","0","0.00677854917181436","0.00250164581961817","0.00022475950732716","0.000179917892016552"
"Bacteria","Bacteroidetes","Bacteroidia","Flavobacteriales","Cryomorphaceae","Cryomorpha",NA,NA,"0.000253381435586819","0","0","0.00102699144173799","0.00106386166801522","4.90685160045143e-05"
"Bacteria","Bacteroidetes","Bacteroidia","Flavobacteriales","Cryomorphaceae","NS10_marine_group",NA,NA,"0.000627420697643553","0","0.000847318646476794","7.89993416721527e-05","2.9967934310288e-05","3.27123440030095e-05"
"Bacteria","Bacteroidetes","Bacteroidia","Flavobacteriales","Flavobacteriaceae","Lutibacter",NA,NA,"0.00016892095705788","0","0.000737987208221724","0.000263331138907176","1.4983967155144e-05","0"
"Bacteria","Bacteroidetes","Bacteroidia","Flavobacteriales","Flavobacteriaceae","Marinitalea",NA,NA,"4.82631305879656e-05","0","0.000163997157382605","0.000289664252797893","0","0"
"Bacteria","Bacteroidetes","Bacteroidia","Flavobacteriales","Flavobacteriaceae","Polaribacter",NA,NA,"0.000555026001761604","0","0.000245995736073908","0.000737327188940092","0.000943989930774072","0.00109586352410082"
"Bacteria","Bacteroidetes","Bacteroidia","Flavobacteriales","Flavobacteriaceae","Pseudotenacibaculum",NA,NA,"0","0","0","0.000131665569453588","1.4983967155144e-05","0.000441616644040629"
"Bacteria","Bacteroidetes","Bacteroidia","Flavobacteriales","Flavobacteriaceae","Tenacibaculum",NA,NA,"0.00183399896234269","0","0.00158530585469852","0.000131665569453588","0.000569390751895472","0.00394183745236265"
"Bacteria","Bacteroidetes","Bacteroidia","Flavobacteriales","Flavobacteriaceae","Aestuariimonas",NA,NA,"8.44604785289398e-05","1.27954959854131e-05","0","7.89993416721527e-05","0.000209775540172016","0"
"Bacteria","Bacteroidetes","Bacteroidia","Flavobacteriales","Flavobacteriaceae","Lutimonas",NA,NA,"0.0296576937463049","0.000339080643613448","0.00532990761493467","0.00381830151415405","0.0115226707423057","0.000605178364055676"
"Bacteria","Bacteroidetes","Bacteroidia","Flavobacteriales","Flavobacteriaceae","Actibacter",NA,NA,"0.0354372036342137","0.00115799238667989","0.0153610670748374","0.0232521395655036","0.0378045491324283","0.00183189126416853"
"Bacteria","Bacteroidetes","Bacteroidia","Flavobacteriales","Flavobacteriaceae","Maritimimonas",NA,NA,"0.0077100351114275","1.27954959854131e-05","0.0139124255179577","0.0126662277814352","0.00969462674937817","0.000490685160045143"
"Bacteria","Bacteroidetes","Bacteroidia","Flavobacteriales","Flavobacteriaceae","Psychroflexus",NA,NA,"9.65262611759312e-05","0","0.000136664297818838","0.000473996050032916","8.9903802930864e-05","4.90685160045143e-05"
"Bacteria","Bacteroidetes","Bacteroidia","Flavobacteriales","Flavobacteriaceae","Gramella",NA,NA,"0","0","0","0","0","0.000278054924025581"
"Bacteria","Bacteroidetes","Bacteroidia","Flavobacteriales","Flavobacteriaceae","Winogradskyella",NA,NA,"0.0446433957938682","0.000793320751095614","0.0186410102224895","0.0231994733377222","0.0634421169348797","0.0122834851731301"
"Bacteria","Bacteroidetes","Bacteroidia","Flavobacteriales","Flavobacteriaceae","Hyunsoonleella",NA,NA,"1.20657826469914e-05","0","0","5.26662277814352e-05","0.000419551080344032","1.63561720015048e-05"
"Bacteria","Bacteroidetes","Bacteroidia","Flavobacteriales","Flavobacteriaceae","Aureitalea",NA,NA,"0","0","5.46657191275351e-05","0.000342330480579329","0.00188797986154814","0"
"Bacteria","Bacteroidetes","Bacteroidia","Flavobacteriales","Flavobacteriaceae","Gilvibacter",NA,NA,"0.000180986739704871","0","0.00117531296124201","0.00273864384463463","0.00104887770086008","0.000359835784033105"
"Bacteria","Bacteroidetes","Bacteroidia","Flavobacteriales","Flavobacteriaceae","Tamlana",NA,NA,"0.00172540691851977","6.39774799270657e-06","0.00142130869731591","0.00113232389730086","0.000988941832239504","3.27123440030095e-05"
"Bacteria","Bacteroidetes","Bacteroidia","Flavobacteriales","Flavobacteriaceae","Frondibacter",NA,NA,"0.000470565523232664","0","0.000245995736073908","7.89993416721527e-05","0.00059935868620576","0"
"Bacteria","Bacteroidetes","Bacteroidia","Flavobacteriales","Flavobacteriaceae","Croceibacter",NA,NA,"0","0","0","0","0","0.000588822192054172"
"Bacteria","Bacteroidetes","Bacteroidia","Flavobacteriales","Flavobacteriaceae","Sediminicola",NA,NA,"0","0","8.19985786913027e-05","0.00010533245556287","0","0.00109586352410082"
"Bacteria","Bacteroidetes","Bacteroidia","Flavobacteriales","Flavobacteriaceae","Pseudozobellia",NA,NA,"0.00260620905175014","0","0.0010113158038594","0.000184331797235023","8.9903802930864e-05","1.63561720015048e-05"
"Bacteria","Bacteroidetes","Bacteroidia","Flavobacteriales","Flavobacteriaceae","Aureicoccus",NA,NA,"0.0124277561264011","4.4784235948946e-05","0.00962116656644618","0.00271231073074391","0.00798645449369175","0.00310767268028591"
"Bacteria","Bacteroidetes","Bacteroidia","Flavobacteriales","Flavobacteriaceae","Croceitalea",NA,NA,"0.0354372036342137","1.91932439781197e-05","0.0147324113048707","0.00102699144173799","0.00380592765740658","0.000310767268028591"
"Bacteria","Bacteroidetes","Bacteroidia","Flavobacteriales","Flavobacteriaceae","Flagellimonas",NA,NA,"0","0","0","2.63331138907176e-05","7.491983577572e-05","0"
"Bacteria","Bacteroidetes","Bacteroidia","Flavobacteriales","Flavobacteriaceae","Muricauda",NA,NA,"0.00331809022792263","9.59662198905985e-05","0.00532990761493467","0.000658327847267939","0.0213821211303905","0.000539753676049657"
"Bacteria","Bacteroidetes","Bacteroidia","Flavobacteriales","Flavobacteriaceae","Croceivirga",NA,NA,"0","0","0.000245995736073908","0.00115865701119157","0.00266714615361563","0.000196274064018057"
"Bacteria","Bacteroidetes","Bacteroidia","Flavobacteriales","Flavobacteriaceae","Pricia",NA,NA,"0.00124277561264011","6.39774799270657e-06","0.00352593888372602","2.63331138907176e-05","4.4951901465432e-05","0"
"Bacteria","Bacteroidetes","Bacteroidia","Flavobacteriales","Flavobacteriaceae","Aurantibacter",NA,NA,"0.00250968279057421","0","0.00240529164161155","0.000342330480579329","0.00110881356948066","1.63561720015048e-05"
"Bacteria","Bacteroidetes","Bacteroidia","Flavobacteriales","Flavobacteriaceae","Maribacter",NA,NA,"0.00896487650671461","6.39774799270657e-06","0.00850051932433171","0.00450296247531271","0.00317660103689053","0.000163561720015048"
"Bacteria","Bacteroidetes","Bacteroidia","Flavobacteriales","Flavobacteriaceae","Spongiimicrobium",NA,NA,"0.00265447218233811","0","0.000983982944295632","0.000447662936142199","0.00107884563517037","1.63561720015048e-05"
"Bacteria","Bacteroidetes","Bacteroidia","Flavobacteriales","Flavobacteriaceae","Robiginitalea",NA,NA,"0.00784275872054441","0.000921275710949746","0.00666921773355929","0.025174456879526","0.0357817135664839","0.00201180915618509"
"Bacteria","Bacteroidetes","Bacteroidia","Flavobacteriales","Flavobacteriaceae","Eudoraea",NA,NA,"0.0118124012114046","0.000102363967883305","0.00393593177718253","0.00376563528637261","0.00656297761395307","0.000114493204010533"
"Bacteria","Bacteroidetes","Bacteroidia","Flavobacteriales","Flavobacteriaceae","Muriicola",NA,NA,"0.000880802133230372","0","0.00429125895151151","0.00157998683344305","0.000269711408792592","0"
"Bacteria","Bacteroidetes","Bacteroidia","Flavobacteriales","Flavobacteriaceae","Zeaxanthinibacter",NA,NA,"0.00179780161440172","7.03752279197722e-05","0.00464658612584049","0.120394996708361","0.00926009170187899","0.000654246880060191"
"Bacteria","Bacteroidetes","Bacteroidia","Flavobacteriales","Flavobacteriaceae","NS3a_marine_group",NA,NA,"0","0","0","0","2.9967934310288e-05","0.000392548128036114"
"Bacteria","Bacteroidetes","Bacteroidia","Flavobacteriales","Flavobacteriaceae","Lacinutrix",NA,NA,"0.000820473219995415","0","0.000683321489094189","0.00458196181698486","0.00391081542749258","9.81370320090286e-05"
"Bacteria","Bacteroidetes","Bacteroidia","Flavobacteriales","Flavobacteriaceae","Olleya",NA,NA,"0","0","0.000546657191275351","0","5.9935868620576e-05","1.63561720015048e-05"
"Bacteria","Bacteroidetes","Bacteroidia","Flavobacteriales","Flavobacteriaceae","Sabulilitoribacter",NA,NA,"0.00160474909204986","0","0.00735253922265347","0.0284660961158657","0.00059935868620576","0.000163561720015048"
"Bacteria","Bacteroidetes","Bacteroidia","Flavobacteriales","Flavobacteriaceae","Psychroserpens",NA,NA,"0.00158061752675587","0","0.00090198436560433","0.000473996050032916","0.00235248284335761","0"
"Bacteria","Bacteroidetes","Bacteroidia","Flavobacteriales","Flavobacteriaceae","Algibacter",NA,NA,"0.000675683828231518","1.91932439781197e-05","0.00166730443338982","0.000526662277814352","0.00158830051844526","3.27123440030095e-05"
"Bacteria","Bacteroidetes","Bacteroidia","Flavobacteriales","Flavobacteriaceae","Flaviramulus",NA,NA,"0","0","0","0.00247531270572745","4.4951901465432e-05","1.63561720015048e-05"
"Bacteria","Bacteroidetes","Bacteroidia","Flavobacteriales","Flavobacteriaceae","Corallibacter",NA,NA,"0.00118244669940516","0","0.0021866287651014","0.0164055299539171","0.00110881356948066","0.000114493204010533"
"Bacteria","Bacteroidetes","Bacteroidia","Flavobacteriales","Flavobacteriaceae","Aestuariibaculum",NA,NA,"0.000772210089407449","0","0.000163997157382605","0","0.00115376547094609","1.63561720015048e-05"
"Bacteria","Bacteroidetes","Bacteroidia","Flavobacteriales","Flavobacteriaceae","Gaetbulibacter",NA,NA,"0.0128500585190458","3.83864879562394e-05","0.0170010386486634","0.0288347597103357","0.00813629416524319","0.000752383912069219"
"Bacteria","Bacteroidetes","Bacteroidia","Flavobacteriales","Flavobacteriaceae","Mesoflavibacter",NA,NA,"6.0328913234957e-05","0","8.19985786913027e-05","2.63331138907176e-05","0.000179807605861728","0.00821079834475539"
"Bacteria","Bacteroidetes","Bacteroidia","Flavobacteriales","Flavobacteriaceae","Aquibacter",NA,NA,"0.00284752470468997","0.000115159463868718","0.000737987208221724","0.00144832126398947","0.00407563906619917","0.0105333747689691"
"Bacteria","Bacteroidetes","Bacteroidia","Flavobacteriales","Flavobacteriaceae","Formosa",NA,NA,"0.000120657826469914","0","0.00502924615973323","0","0.000734214390602056","0.00399090596836716"
"Bacteria","Bacteroidetes","Bacteroidia","Flavobacteriales","Flavobacteriaceae","Dokdonia",NA,NA,"0.00194259100616561","0","0.00226862734379271","0.00010533245556287","0","3.27123440030095e-05"
"Bacteria","Bacteroidetes","Bacteroidia","Flavobacteriales","Flavobacteriaceae","Aquimarina",NA,NA,"0.00977328394406303","0","0.00338927458590718","2.63331138907176e-05","0.00022475950732716","0.00189731595217455"
"Bacteria","Bacteroidetes","Bacteroidia","Flavobacteriales","Flavobacteriaceae","Algitalea",NA,NA,"0.000591223349702578","0","0","0","0","0"
"Bacteria","Bacteroidetes","Bacteroidia","Flavobacteriales","Flavobacteriaceae","Flavobacterium",NA,NA,"4.82631305879656e-05","0","0.000546657191275351","0","0","0"
"Bacteria","Bacteroidetes","Bacteroidia","Flavobacteriales","Flavobacteriaceae","NS4_marine_group",NA,NA,"0.000398170827350716","3.19887399635328e-05","0.00904717651560706","0.000368663594470046","0.000869070094998352","0.12793797739577"
"Bacteria","Bacteroidetes","Bacteroidia","Flavobacteriales","Flavobacteriaceae","NS5_marine_group",NA,NA,"8.44604785289398e-05","2.55909919708263e-05","0.0125457825397693","0.000131665569453588","0.00109382960232551","0.108850324670014"
"Bacteria","Bacteroidetes","Bacteroidia","Flavobacteriales","Weeksellaceae","Empedobacter",NA,NA,"0.000241315652939828","0","0.000792652927349259","0","0","0"
"Bacteria","Bacteroidetes","Bacteroidia","Flavobacteriales","Weeksellaceae","Chishuiella",NA,NA,"0.000180986739704871","0","0.00125731153993331","0","0","0.000457972816042134"
"Bacteria","Bacteroidetes","Bacteroidia","Flavobacteriales","Crocinitomicaceae","Salinirepens",NA,NA,"0.000808407437348424","0","0.000819985786913027","0.00181698485845951","0.00122868530672181","6.54246880060191e-05"
"Bacteria","Bacteroidetes","Bacteroidia","Flavobacteriales","Crocinitomicaceae","Fluviicola",NA,NA,"2.41315652939828e-05","0","0.000245995736073908","0.00010533245556287","7.491983577572e-05","0.00121035672811135"
"Bacteria","Bacteroidetes","Bacteroidia","Flavobacteriales","Crocinitomicaceae","Crocinitomix",NA,NA,"0.000615354914996561","0","0.00090198436560433","0.00692560895325872","0.000344631244568312","0.000130849376012038"
"Bacteria","Bacteroidetes","Rhodothermia","Balneolales","Balneolaceae","Balneola",NA,NA,"0","1.27954959854131e-05","2.73328595637676e-05","0","1.4983967155144e-05","0.0114983889170579"
"Bacteria","Bacteroidetes","Ignavibacteria","Ignavibacteriales","Melioribacteraceae","IheB3-7",NA,NA,"0","0","0.000300661455201443","0.00592495062541146","0.000119871737241152","0"
"Bacteria","Kiritimatiellaeota","Kiritimatiellae","Kiritimatiellales","Kiritimatiellaceae","R76-B128",NA,NA,"0","0","0","0.000552995391705069","0","0.000997726492091791"
"Bacteria","Spirochaetes","Spirochaetia","Spirochaetales","Spirochaetaceae","GWE2-31-10",NA,NA,"0","0.0013627203224465","8.19985786913027e-05","0","0","0"
"Bacteria","Spirochaetes","Spirochaetia","Spirochaetales","Spirochaetaceae","Sediminispirochaeta",NA,NA,"0","7.67729759124788e-05","0","0.000394996708360764","0","0"
"Bacteria","Spirochaetes","Spirochaetia","Spirochaetales","Spirochaetaceae","Spirochaeta",NA,NA,"0","0","0","0.00086899275839368","5.9935868620576e-05","0"
"Bacteria","Spirochaetes","Spirochaetia","Spirochaetales","Spirochaetaceae","Spirochaeta_2",NA,NA,"0","0","2.73328595637676e-05","0.00724160631994733","2.9967934310288e-05","1.63561720015048e-05"
"Bacteria","Spirochaetes","Brachyspirae","Brachyspirales","Brachyspiraceae","Brachyspira",NA,NA,"0","0.0100764530885128","2.73328595637676e-05","0","5.9935868620576e-05","1.63561720015048e-05"
"Bacteria","Spirochaetes","Spirochaetia","Brevinematales","Brevinemataceae","Brevinema",NA,NA,"0","0.0035059659000032","0","0","0.00022475950732716","3.27123440030095e-05"
"Bacteria","Proteobacteria","Deltaproteobacteria","Desulfuromonadales","Desulfuromonadaceae","Malonomonas",NA,NA,"0","0","0","0.000394996708360764","2.9967934310288e-05","0"
"Bacteria","Proteobacteria","Deltaproteobacteria","Desulfovibrionales","Desulfovibrionaceae","Desulfovibrio",NA,NA,"8.44604785289398e-05","0.257758868878155","0.0129557754332258","0.000631994733377222","0.00445023824507777","0.00219172704820164"
"Bacteria","Proteobacteria","Deltaproteobacteria","Desulfovibrionales","Desulfovibrionaceae","Bilophila",NA,NA,"0","0.000377467131569687","2.73328595637676e-05","0","0","1.63561720015048e-05"
"Bacteria","Acidobacteria","Blastocatellia_(Subgroup_4)","Blastocatellales","Blastocatellaceae","Blastocatella",NA,NA,"0.000180986739704871","0","0.000136664297818838","0.00294930875576037","0.000254727441637448","0"
"Bacteria","Acidobacteria","Acidobacteriia","Solibacterales","Solibacteraceae_(Subgroup_3)","PAUC26f",NA,NA,"0","0","0","7.89993416721527e-05","2.9967934310288e-05","0"
"Bacteria","Acidobacteria","Thermoanaerobaculia","Thermoanaerobaculales","Thermoanaerobaculaceae","Subgroup_10",NA,NA,"0.000772210089407449","6.39774799270657e-06","0.00213196304597387","0.0290980908492429","0.000284695375947736","1.63561720015048e-05"
"Bacteria","Acidobacteria","Thermoanaerobaculia","Thermoanaerobaculales","Thermoanaerobaculaceae","Subgroup_23",NA,NA,"8.44604785289398e-05","0","0.00010933143825507","0.00787360105332456","0.000284695375947736","0"
"Bacteria","Actinobacteria","Acidimicrobiia","Actinomarinales","Actinomarinaceae","Candidatus_Actinomarina",NA,NA,"2.41315652939828e-05","0","0.00021866287651014","5.26662277814352e-05","5.9935868620576e-05","0.0556436971491192"
"Bacteria","Actinobacteria","Acidimicrobiia","Microtrichales","Ilumatobacteraceae","Ilumatobacter",NA,NA,"0.0036438663593914","3.83864879562394e-05","0.00163997157382605","0.00581961816984858","0.00454014204800863","0.000130849376012038"
"Bacteria","Actinobacteria","Acidimicrobiia","Microtrichales","Microtrichaceae","Sva0996_marine_group",NA,NA,"0.0130189794761037","0","0.0269775323894386","0.00945358788676761","0.00979951451946417","0.00037619195603461"
"Bacteria","Actinobacteria","Actinobacteria","Frankiales","Geodermatophilaceae","Blastococcus",NA,NA,"0.000398170827350716","6.39774799270657e-06","0.000409992893456513","0","1.4983967155144e-05","0"
"Bacteria","Actinobacteria","Actinobacteria","Micrococcales","Microbacteriaceae","Pontimonas",NA,NA,"6.0328913234957e-05","0","5.46657191275351e-05","0","4.4951901465432e-05","0.000490685160045143"
"Bacteria","Planctomycetes","Planctomycetacia","Pirellulales","Pirellulaceae","Blastopirellula",NA,NA,"0.00569504940937994","0.000236716675730143","0.0141310883944678","0.0205924950625411","0.00389583146033744","4.90685160045143e-05"
"Bacteria","Planctomycetes","Planctomycetacia","Pirellulales","Pirellulaceae","Mariniblastus",NA,NA,"0.00183399896234269","0.000159943699817664","0.00388126605805499","0.00400263331138907","0.00272708202223621","9.81370320090286e-05"
"Bacteria","Planctomycetes","Planctomycetacia","Pirellulales","Pirellulaceae","Rhodopirellula",NA,NA,"0.00191845944087163","0.000198330187773904","0.00114798010167824","0.00934825543120474","0.0032365369055111","9.81370320090286e-05"
"Bacteria","Planctomycetes","Planctomycetacia","Pirellulales","Pirellulaceae","Rubripirellula",NA,NA,"0.00936304733406532","0.00120277662262883","0.0145684141474881","0.0362870309414088","0.0204381311996164","0.000866877116079753"
"Bacteria","Planctomycetes","Planctomycetacia","Pirellulales","Pirellulaceae","Pirellula",NA,NA,"0.00114624935146418","0.000179136943795784","0.00368993604110862","0.00176431863067808","0.00199286763163415","8.17808600075238e-05"
"Bacteria","Planctomycetes","Planctomycetacia","Pirellulales","Pirellulaceae","Bythopirellula",NA,NA,"9.65262611759312e-05","6.39774799270657e-05","2.73328595637676e-05","0.00165898617511521","0.00100392579939465","0"
"Bacteria","Planctomycetes","Planctomycetacia","Pirellulales","Pirellulaceae","Pir4_lineage",NA,NA,"0.00103765730764126","0.000191932439781197","0.000737987208221724","0.0013429888084266","0.00471994965387036","1.63561720015048e-05"
"Bacteria","Planctomycetes","Planctomycetacia","Planctomycetales","Rubinisphaeraceae","Rubinisphaera",NA,NA,"0","0","0","0","8.9903802930864e-05","0"
"Bacteria","Planctomycetes","Planctomycetacia","Planctomycetales","Rubinisphaeraceae","Fuerstia",NA,NA,"0.000108592043822923","0","0","0","5.9935868620576e-05","0"
"Bacteria","Planctomycetes","Phycisphaerae","Phycisphaerales","Phycisphaeraceae","Algisphaera",NA,NA,"8.44604785289398e-05","0","0","0","4.4951901465432e-05","0"
"Bacteria","Planctomycetes","Phycisphaerae","Phycisphaerales","Phycisphaeraceae","Urania-1B-19_marine_sediment_group",NA,NA,"0","0","2.73328595637676e-05","0.00408163265306122","5.9935868620576e-05","9.81370320090286e-05"
"Bacteria","Chloroflexi","Anaerolineae","Anaerolineales","Anaerolineaceae","Pelolinea",NA,NA,"0","0","0","0.000737327188940092","0","0"
"Bacteria","Verrucomicrobia","Verrucomicrobiae","Opitutales","Puniceicoccaceae","Pelagicoccus",NA,NA,"0","0","0","0.000157998683344305","0","0.000212630236019562"
"Bacteria","Verrucomicrobia","Verrucomicrobiae","Opitutales","Puniceicoccaceae","Verruc-01",NA,NA,"0","0","0.000163997157382605","0.000184331797235023","0","0"
"Bacteria","Verrucomicrobia","Verrucomicrobiae","Opitutales","Puniceicoccaceae","MB11C04_marine_group",NA,NA,"0","0","0","0","0","0.000621534536057181"
"Bacteria","Verrucomicrobia","Verrucomicrobiae","Opitutales","Puniceicoccaceae","Coraliomargarita",NA,NA,"0.000144789391763897","0","0","0.00010533245556287","2.9967934310288e-05","0.00232257642421368"
"Bacteria","Verrucomicrobia","Verrucomicrobiae","Opitutales","Puniceicoccaceae","Lentimonas",NA,NA,"0.000193052522351862","0","8.19985786913027e-05","0","8.9903802930864e-05","0.00152112399613994"
"Bacteria","Verrucomicrobia","Verrucomicrobiae","Opitutales","Puniceicoccaceae","Cerasicoccus",NA,NA,"0","0.000179136943795784","2.73328595637676e-05","0.000921658986175115","0","0"
"Bacteria","Verrucomicrobia","Verrucomicrobiae","Verrucomicrobiales","Rubritaleaceae","Haloferula",NA,NA,"0.0036438663593914","0.00020472793576661","0.000983982944295632","0.000605661619486504","0.0105786808115317","6.54246880060191e-05"
"Bacteria","Verrucomicrobia","Verrucomicrobiae","Verrucomicrobiales","Rubritaleaceae","Rubritalea",NA,NA,"0.0117400065155226","0.00024311442372285","0.00224129448422894","5.26662277814352e-05","0.00239743474482304","0.000261698752024076"
"Bacteria","Verrucomicrobia","Verrucomicrobiae","Verrucomicrobiales","Akkermansiaceae","Akkermansia",NA,NA,"0.000120657826469914","0.0801317936086497","0.00245995736073908","0.000157998683344305","0.000434535047499176","0.000670603052061696"
"Bacteria","Verrucomicrobia","Verrucomicrobiae","Verrucomicrobiales","Rubritaleaceae","Roseibacillus",NA,NA,"0.01399630787051","3.83864879562394e-05","0.00762586781829115","0.0017906517445688","0.00881057268722467","9.81370320090286e-05"
"Bacteria","Lentisphaerae","Lentisphaeria","Lentisphaerales","Lentisphaeraceae","Lentisphaera",NA,NA,"2.41315652939828e-05","0","0","0.000131665569453588","2.9967934310288e-05","0.000278054924025581"
"Bacteria","Fusobacteria","Fusobacteriia","Fusobacteriales","Fusobacteriaceae","Fusobacterium",NA,NA,"3.61973479409742e-05","0.0645020952624676","0.00112064724211447","5.26662277814352e-05","0.000119871737241152","0.00119400055610985"
"Bacteria","Fusobacteria","Fusobacteriia","Fusobacteriales","Fusobacteriaceae","Cetobacterium",NA,NA,"0.00232869605086934","0.0023415757653306","0.00284261739463183","5.26662277814352e-05","0.000389583146033744","0.000817808600075238"
"Bacteria","Fusobacteria","Fusobacteriia","Fusobacteriales","Fusobacteriaceae","Propionigenium",NA,NA,"0.00172540691851977","0","0.000519324331711584","0.00115865701119157","0.000404567113188888","0.000621534536057181"
"Bacteria","Firmicutes","Bacilli","Bacillales","Bacillaceae","Bacillus",NA,NA,"1.20657826469914e-05","0","0","0","7.491983577572e-05","0"
"Bacteria","Firmicutes","Bacilli","Bacillales","Listeriaceae","Listeria",NA,NA,"0.00103765730764126","1.91932439781197e-05","0.000409992893456513","0.000236998025016458","0.00347628037999341","9.81370320090286e-05"
"Bacteria","Firmicutes","Bacilli","Bacillales","Staphylococcaceae","Staphylococcus",NA,NA,"0.00016892095705788","7.03752279197722e-05","0.000519324331711584","0","0.000254727441637448","0.000327123440030095"
"Bacteria","Tenericutes","Mollicutes","Anaeroplasmatales","Anaeroplasmataceae","Anaeroplasma",NA,NA,"0","0.00020472793576661","0","0","0","0"
"Bacteria","Tenericutes","Mollicutes","Mycoplasmatales","Mycoplasmataceae","Mycoplasma",NA,NA,"0","1.27954959854131e-05","2.73328595637676e-05","0","0","0"
"Bacteria","Tenericutes","Mollicutes","Mycoplasmatales","Mycoplasmataceae","Candidatus_Bacilloplasma",NA,NA,"0.000156855174410888","0","0","0","5.9935868620576e-05","0"
"Bacteria","Firmicutes","Bacilli","Lactobacillales","Streptococcaceae","Streptococcus",NA,NA,"0","0","0","0","0","1.63561720015048e-05"
"Bacteria","Firmicutes","Clostridia","Clostridiales","Family_XI","Sedimentibacter",NA,NA,"0","0.00902082466971626","0.000737987208221724","2.63331138907176e-05","4.4951901465432e-05","0.000163561720015048"
"Bacteria","Firmicutes","Clostridia","Clostridiales","Family_XIII","Ihubacter",NA,NA,"0","0","0","0","0","0"
"Bacteria","Firmicutes","Clostridia","Clostridiales","Family_XIII","Aminipila",NA,NA,"3.61973479409742e-05","0.00769009308723329","0.000546657191275351","0","0","1.63561720015048e-05"
"Bacteria","Firmicutes","Clostridia","Clostridiales","Family_XIII","Eubacterium",NA,NA,"0","0.000607786059307124","5.46657191275351e-05","0","0","0"
"Bacteria","Firmicutes","Clostridia","Clostridiales","Family_XIII","Anaerovorax",NA,NA,"0","0.000863695979015387","2.73328595637676e-05","0","0","3.27123440030095e-05"
"Bacteria","Firmicutes","Clostridia","Clostridiales","Christensenellaceae","Christensenella",NA,NA,"0","0.00141390230638815","5.46657191275351e-05","0","0","6.54246880060191e-05"
"Bacteria","Firmicutes","Clostridia","Clostridiales","Ruminococcaceae","Papillibacter",NA,NA,"0","5.11819839416525e-05","0","0","0","0"
"Bacteria","Firmicutes","Clostridia","Clostridiales","Ruminococcaceae","Ruminococcaceae_UCG-009",NA,NA,"0","0.00307091903649915","0.000245995736073908","0","0","1.63561720015048e-05"
"Bacteria","Firmicutes","Clostridia","Clostridiales","Ruminococcaceae","Monoglobus",NA,NA,"0","0.000127954959854131","0","0","0","0"
"Bacteria","Firmicutes","Clostridia","Clostridiales","Ruminococcaceae","Candidatus_Soleaferrea",NA,NA,"0","0.000351876139598861","0","0","0","0"
"Bacteria","Firmicutes","Clostridia","Clostridiales","Ruminococcaceae","Angelakisella",NA,NA,"0","0.00136911807043921","0.0010933143825507","0","0.000119871737241152","9.81370320090286e-05"
"Bacteria","Firmicutes","Clostridia","Clostridiales","Ruminococcaceae","Hydrogenoanaerobacterium",NA,NA,"0","0.000211125683759317","0","0","0","0"
"Bacteria","Firmicutes","Clostridia","Clostridiales","Ruminococcaceae","Paludicola",NA,NA,"0","0.00290457758868878","0.000136664297818838","0","2.9967934310288e-05","0"
"Bacteria","Firmicutes","Clostridia","Clostridiales","Ruminococcaceae","Harryflintia",NA,NA,"0","0.000211125683759317","0","0","0","0"
"Bacteria","Firmicutes","Clostridia","Clostridiales","Ruminococcaceae","Ruthenibacterium",NA,NA,"0","0.0131729631169828","0.000163997157382605","0","0","4.90685160045143e-05"
"Bacteria","Firmicutes","Clostridia","Clostridiales","Ruminococcaceae","Fournierella",NA,NA,"0","7.67729759124788e-05","0","0","0","0"
"Bacteria","Firmicutes","Clostridia","Clostridiales","Ruminococcaceae","Faecalibacterium",NA,NA,"2.41315652939828e-05","0.000537410831387352","0","0","4.4951901465432e-05","1.63561720015048e-05"
"Bacteria","Firmicutes","Clostridia","Clostridiales","Lachnospiraceae","Petrocella",NA,NA,"0","0","0","0","4.4951901465432e-05","0"
"Bacteria","Firmicutes","Clostridia","Clostridiales","Lachnospiraceae","Tyzzerella",NA,NA,"0","0.0082786859025623","0.00423659323238397","0","0.000464502981809464","0.00116128821210684"
"Bacteria","Firmicutes","Clostridia","Clostridiales","Lachnospiraceae","Anaerotignum",NA,NA,"0","0.000543808579380058","2.73328595637676e-05","0","0","0"
"Bacteria","Firmicutes","Clostridia","Clostridiales","Lachnospiraceae","Tyzzerella_3",NA,NA,"0","0.00203448386168069","0","0","0","0"
"Bacteria","Firmicutes","Clostridia","Clostridiales","Lachnospiraceae","Epulopiscium",NA,NA,"0.00159268330940286","0.0184255142189949","0.00144864155687968","0.000394996708360764","0.00301177739818394","0.000114493204010533"
"Bacteria","Firmicutes","Clostridia","Clostridiales","Lachnospiraceae","Anaerocolumna",NA,NA,"0","0.000441444611496753","0.000355327174328978","0","0","6.54246880060191e-05"
"Bacteria","Firmicutes","Clostridia","Clostridiales","Lachnospiraceae","Bacteroides",NA,NA,"0","0.00539969930584434","0.000245995736073908","0","0.000134855704396296","3.27123440030095e-05"
"Bacteria","Firmicutes","Clostridia","Clostridiales","Peptostreptococcaceae","Romboutsia",NA,NA,"0.000229249870292837","0.000998048686862225","0.000245995736073908","0.000447662936142199","0.000584374719050616","0.000196274064018057"
"Bacteria","Firmicutes","Clostridia","Clostridiales","Peptostreptococcaceae","Terrisporobacter",NA,NA,"0","0.000153545951824958","0","5.26662277814352e-05","0.0003745991788786","6.54246880060191e-05"
"Bacteria","Firmicutes","Clostridia","Clostridiales","Ruminococcaceae","Neglecta",NA,NA,"0","0.00590512139726816","0.000573990050839119","0","5.9935868620576e-05","6.54246880060191e-05"
"Bacteria","Firmicutes","Clostridia","Clostridiales","Ruminococcaceae","Ruminiclostridium_5",NA,NA,"0","0.00298774831259397","0.00010933143825507","0.00010533245556287","2.9967934310288e-05","3.27123440030095e-05"
"Bacteria","Firmicutes","Clostridia","Clostridiales","Ruminococcaceae","Intestinimonas",NA,NA,"0","8.31707239051854e-05","0","0","0","0"
"Bacteria","Firmicutes","Clostridia","Clostridiales","Ruminococcaceae","Pseudoflavonifractor",NA,NA,"0","0.000351876139598861","0","0","0","3.27123440030095e-05"
"Bacteria","Firmicutes","Clostridia","Clostridiales","Ruminococcaceae","Clostridium",NA,NA,"0","0.0057451776974505","0","0","0","4.90685160045143e-05"
"Bacteria","Firmicutes","Clostridia","Clostridiales","Ruminococcaceae","Flavonifractor",NA,NA,"0","0.00130514059051214","0.00021866287651014","0","0","0"
"Bacteria","Firmicutes","Clostridia","Clostridiales","Ruminococcaceae","Ruminococcaceae_UCG-008",NA,NA,"0","8.95684718978919e-05","0","0","0","0"
"Bacteria","Firmicutes","Clostridia","Clostridiales","Christensenellaceae","Christensenellaceae_R-7_group",NA,NA,"0","0.000716547775183136","5.46657191275351e-05","0","0","0"
"Bacteria","Firmicutes","Clostridia","Clostridiales","Clostridiaceae_1","Clostridium",NA,NA,"0.00123070982999312","4.4784235948946e-05","0.00150330727600722","0.000289664252797893","0.000494470916119752","9.81370320090286e-05"
"Bacteria","Firmicutes","Clostridia","Clostridiales","Ruminococcaceae","Ruminococcaceae_UCG-014",NA,NA,"0.000663618045584527","0.0490451361120885","8.19985786913027e-05","0","0.000134855704396296","1.63561720015048e-05"
"Bacteria","Firmicutes","Erysipelotrichia","Erysipelotrichales","Erysipelotrichaceae","Breznakia",NA,NA,"0","0.00450401458686542","0","0","2.9967934310288e-05","0"
"Bacteria","Firmicutes","Erysipelotrichia","Erysipelotrichales","Erysipelotrichaceae","Dielma",NA,NA,"0","0.000415853619525927","0","0","0","0"
"Bacteria","Firmicutes","Erysipelotrichia","Erysipelotrichales","Erysipelotrichaceae","Holdemania",NA,NA,"0","1.91932439781197e-05","0","0","0","0"
"Bacteria","Firmicutes","Erysipelotrichia","Erysipelotrichales","Erysipelotrichaceae","Erysipelotrichaceae_UCG-004",NA,NA,"0","0.000735741019161255","2.73328595637676e-05","0","0","3.27123440030095e-05"
"Bacteria","Firmicutes","Erysipelotrichia","Erysipelotrichales","Erysipelotrichaceae","Coprobacillus",NA,NA,"0","0.00646172547263363","5.46657191275351e-05","0","0","4.90685160045143e-05"
"Bacteria","Firmicutes","Erysipelotrichia","Erysipelotrichales","Erysipelotrichaceae","Erysipelatoclostridium",NA,NA,"0","0.000499024343431112","0","2.63331138907176e-05","0","0"
"Bacteria","Firmicutes","Clostridia","Clostridiales","Lachnospiraceae","Faecalicatena",NA,NA,"1.20657826469914e-05","0.0101404305684399","0.000273328595637676","0","0.000119871737241152","8.17808600075238e-05"
"Bacteria","Cyanobacteria","Oxyphotobacteria","Synechococcales","Cyanobiaceae","Cyanobium",NA,NA,"0","1.27954959854131e-05","0","0.000210664911125741","0.000164823638706584","4.90685160045143e-05"
"Bacteria","Cyanobacteria","Oxyphotobacteria","Synechococcales","Cyanobiaceae","Prochlorococcus",NA,NA,"0.0022442355723404","9.59662198905985e-05","0.00847318646476794","0.000579328505595787","0.00140849291258354","0.182780222116816"
"Bacteria","Cyanobacteria","Oxyphotobacteria","Synechococcales","Cyanobiaceae","Prochlorococcus_MIT9313",NA,NA,"0","0","0","0","0","0.00279690541225732"
"Bacteria","Cyanobacteria","Oxyphotobacteria","Nostocales","Nostocaceae","Rivularia_PCC-7116",NA,NA,"9.65262611759312e-05","0","0","0","0.00133357307680782","0.000179917892016552"
"Bacteria","Cyanobacteria","Oxyphotobacteria","Nostocales","Microcystaceae","Crocosphaera",NA,NA,"0","1.27954959854131e-05","0","0","0.000254727441637448","0"
"Bacteria","Cyanobacteria","Oxyphotobacteria","Nostocales","Xenococcaceae","Chroococcidiopsis_PCC-6712",NA,NA,"9.65262611759312e-05","0","0.000163997157382605","0.000658327847267939","0.00142347687973868","1.63561720015048e-05"
"Bacteria","Cyanobacteria","Oxyphotobacteria","Nostocales","Xenococcaceae","Xenococcus_PCC-7305",NA,NA,"2.41315652939828e-05","0","0","0.00113232389730086","0.000119871737241152","0"
"Bacteria","Cyanobacteria","Oxyphotobacteria","Nostocales","Xenococcaceae","Stanieria",NA,NA,"0","6.39774799270657e-06","0","0.00157998683344305","0.00044951901465432","0"
"Bacteria","Cyanobacteria","Oxyphotobacteria","Nostocales","Xenococcaceae","Pleurocapsa_PCC-7319",NA,NA,"0.00257001170380917","0","0.000136664297818838","0.00100065832784727","0.0044951901465432","0.000474328988043638"
"Bacteria","Cyanobacteria","Oxyphotobacteria","Nostocales","Xenococcaceae","Foliisarcina",NA,NA,"0","0","0","0.0010533245556287","0.000569390751895472","3.27123440030095e-05"
"Bacteria","Cyanobacteria","Oxyphotobacteria","Nostocales","Phormidiaceae","Limnoraphis",NA,NA,"0.000205118304998854","0","0","5.26662277814352e-05","0.00223261110611646","0"
"Bacteria","Cyanobacteria","Oxyphotobacteria","Nostocales","Phormidiaceae","Trichodesmium_IMS101",NA,NA,"0.00113418356881719","0.000127954959854131","0","0","0.00253229044921934","1.63561720015048e-05"
"Bacteria","Cyanobacteria","Oxyphotobacteria","Nostocales","Phormidiaceae","Okeania",NA,NA,"0.000325776131468768","0.000172739195803077","0","0","0.00052443885043004","0"
"Bacteria","Cyanobacteria","Oxyphotobacteria","Eurycoccales","Eurycoccales_Incertae_Sedis","Synechococcus_PCC-7336",NA,NA,"6.0328913234957e-05","6.39774799270657e-06","0","0.000921658986175115","0.00166322035422098","0.000114493204010533"
"Bacteria","Cyanobacteria","Oxyphotobacteria","Thermosynechococcales","Acaryochloridaceae","Acaryochloris",NA,NA,"0.000144789391763897","6.39774799270657e-06","0","0","0.000119871737241152","0"
"Bacteria","Cyanobacteria","Oxyphotobacteria","Phormidesmiales","Phormidesmiaceae","Phormidesmis_ANT.LACV5.1",NA,NA,"0.00372832683792034","0","0.00215929590553764","0.00010533245556287","0.00335640864275226","1.63561720015048e-05"
"Bacteria","Cyanobacteria","Oxyphotobacteria","Synechococcales","Synechococcales_Incertae_Sedis","Schizothrix_LEGE_07164",NA,NA,"0.000772210089407449","0","0.000573990050839119","0","7.491983577572e-05","0"
