"Domain","Phylum","Class","Order","Family","Genus","Species","ASV","Levantine_Sea_Autumn","Levantine_Sea_Spring","Northern_Crete_Autumn","Northern_Crete_Spring"
"Bacteria","Epsilonbacteraeota","Campylobacteria","Campylobacterales","Arcobacteraceae","Arcobacter",NA,NA,"0","0","0","0"
"Bacteria","Epsilonbacteraeota","Campylobacteria","Campylobacterales","Sulfurovaceae","Sulfurovum",NA,NA,"0","0","0.000624073640689601","0"
"Bacteria","Proteobacteria","Gammaproteobacteria","Xanthomonadales","Rhodanobacteraceae","Oleiagrimonas",NA,NA,"0","0","0","0"
"Bacteria","Proteobacteria","Gammaproteobacteria","Xanthomonadales","Xanthomonadaceae","Stenotrophomonas",NA,NA,"0","0","0","3.70913002355298e-05"
"Bacteria","Proteobacteria","Gammaproteobacteria","Xanthomonadales","Xanthomonadaceae","Pseudoxanthomonas",NA,NA,"0","0","0","0.000185456501177649"
"Bacteria","Proteobacteria","Gammaproteobacteria","Betaproteobacteriales","Burkholderiaceae","Delftia",NA,NA,"0","0","0","0.000259639101648708"
"Bacteria","Proteobacteria","Gammaproteobacteria","Betaproteobacteriales","Burkholderiaceae","Hydrogenophaga",NA,NA,"0","0.000137353203763478","0","0"
"Bacteria","Proteobacteria","Gammaproteobacteria","Betaproteobacteriales","Burkholderiaceae","Acidovorax",NA,NA,"0","0","0.010141196661206","0.000111273900706589"
"Bacteria","Proteobacteria","Gammaproteobacteria","Betaproteobacteriales","Burkholderiaceae","MWH-UniP1_aquatic_group",NA,NA,"0","0","0","0"
"Bacteria","Proteobacteria","Gammaproteobacteria","Betaproteobacteriales","Burkholderiaceae","Curvibacter",NA,NA,"0","0","0","3.70913002355298e-05"
"Bacteria","Proteobacteria","Gammaproteobacteria","Betaproteobacteriales","Burkholderiaceae","Paraburkholderia",NA,NA,"0","0","0","0.00263348231672261"
"Bacteria","Proteobacteria","Gammaproteobacteria","Betaproteobacteriales","Burkholderiaceae","Burkholderia",NA,NA,"0","0","0","0.00204002151295414"
"Bacteria","Proteobacteria","Gammaproteobacteria","Betaproteobacteriales","Burkholderiaceae","Burkholderia-Caballeronia-Paraburkholderia",NA,NA,"0","0","0","0.0010571020567126"
"Bacteria","Proteobacteria","Gammaproteobacteria","Betaproteobacteriales","Burkholderiaceae","Cupriavidus",NA,NA,"0","0","0.0014821748966378","0.000166910851059884"
"Bacteria","Proteobacteria","Gammaproteobacteria","Betaproteobacteriales","Burkholderiaceae","Noviherbaspirillum",NA,NA,"0","0","0","0.000111273900706589"
"Bacteria","Proteobacteria","Gammaproteobacteria","Betaproteobacteriales","Burkholderiaceae","Massilia",NA,NA,"0","0","0.00304235899836181","0.000945828156006009"
"Bacteria","Proteobacteria","Gammaproteobacteria","Betaproteobacteriales","Burkholderiaceae","Oxalobacter",NA,NA,"0","0","0","0"
"Bacteria","Proteobacteria","Gammaproteobacteria","Betaproteobacteriales","Burkholderiaceae","Limnobacter",NA,NA,"0","0","0","0.000222547801413179"
"Bacteria","Proteobacteria","Gammaproteobacteria","Betaproteobacteriales","Methylophilaceae","Methylotenera",NA,NA,"0","0","0","0.00804881215110996"
"Bacteria","Proteobacteria","Gammaproteobacteria","Betaproteobacteriales","Burkholderiaceae","Comamonas",NA,NA,"0","0.000206029805645217","0.0013261564864654","0.0052298733332097"
"Bacteria","Proteobacteria","Gammaproteobacteria","Betaproteobacteriales","Burkholderiaceae","Aquabacterium",NA,NA,"0","0","0.001950230127155","0"
"Bacteria","Proteobacteria","Gammaproteobacteria","Nitrosococcales","Nitrosococcaceae","3PJM14",NA,NA,"0","0","0","0"
"Bacteria","Proteobacteria","Gammaproteobacteria","Nitrosococcales","Nitrosococcaceae","CI75cm.2.12",NA,NA,"0","0","0","0"
"Bacteria","Proteobacteria","Gammaproteobacteria","Cellvibrionales","Porticoccaceae","SAR92_clade",NA,NA,"0","0","0","0"
"Bacteria","Proteobacteria","Gammaproteobacteria","Oceanospirillales","Saccharospirillaceae","Oleibacter",NA,NA,"0","0","0","0"
"Bacteria","Proteobacteria","Gammaproteobacteria","Oceanospirillales","Litoricolaceae","Litoricola",NA,NA,"0","0","0","1.85456501177649e-05"
"Bacteria","Proteobacteria","Gammaproteobacteria","Pseudomonadales","Pseudomonadaceae","Pseudomonas",NA,NA,"0","0","0","0.0013723781087146"
"Bacteria","Proteobacteria","Gammaproteobacteria","Oceanospirillales","Endozoicomonadaceae","Endozoicomonas",NA,NA,"0","0","0","0"
"Bacteria","Proteobacteria","Gammaproteobacteria","Oceanospirillales","Marinomonadaceae","Marinomonas",NA,NA,"0","0","0","0"
"Bacteria","Proteobacteria","Gammaproteobacteria","Cellvibrionales","Halieaceae","OM60(NOR5)_clade",NA,NA,"0","0","0","0.000259639101648708"
"Bacteria","Proteobacteria","Gammaproteobacteria","Cellvibrionales","Halieaceae","Luminiphilus",NA,NA,"0","0.00185426825080695","0","5.56369503532946e-05"
"Bacteria","Proteobacteria","Gammaproteobacteria","Cellvibrionales","Halieaceae","Parahaliea",NA,NA,"0.0259822560202788","0.0119497287274226","0.00663078243232701","0.0160419873518666"
"Bacteria","Proteobacteria","Gammaproteobacteria","Cellvibrionales","Halieaceae","Halioglobus",NA,NA,"0.014575411913815","0.00624957077123824","0.010531242686637","0.0166169025055173"
"Bacteria","Proteobacteria","Gammaproteobacteria","Cellvibrionales","Halieaceae","Kineobactrum",NA,NA,"0.00506970849176172","0.00151088524139826","0.0018722209220688","0.000204002151295414"
"Bacteria","Proteobacteria","Gammaproteobacteria","Cellvibrionales","Halieaceae","Marimicrobium",NA,NA,"0.0082382762991128","0.00116750223198956","0.00280833138310321","0.00202147586283637"
"Bacteria","Proteobacteria","Gammaproteobacteria","Cellvibrionales","Halieaceae","Pseudohaliea",NA,NA,"0","0","0","0"
"Bacteria","Proteobacteria","Gammaproteobacteria","Cellvibrionales","Halieaceae","Haliea",NA,NA,"0","0.000412059611290433","7.80092050862002e-05","9.27282505888244e-05"
"Bacteria","Proteobacteria","Gammaproteobacteria","Cellvibrionales","Spongiibacteraceae","BD1-7_clade",NA,NA,"0","0","0.00561666276620641","0.0101073793141819"
"Bacteria","Proteobacteria","Gammaproteobacteria","Oceanospirillales","Pseudohongiellaceae","Pseudohongiella",NA,NA,"0","0","0","0"
"Bacteria","Proteobacteria","Gammaproteobacteria","Oceanospirillales","Halomonadaceae","Halomonas",NA,NA,"0","0","0","0"
"Bacteria","Proteobacteria","Gammaproteobacteria","Oceanospirillales","Halomonadaceae","Cobetia",NA,NA,"0","0","0","0.000537823853415182"
"Bacteria","Proteobacteria","Gammaproteobacteria","Alteromonadales","Shewanellaceae","Shewanella",NA,NA,"0.00190114068441065","0.00109882563010782","0.0017942117169826","0.00697316444427959"
"Bacteria","Proteobacteria","Gammaproteobacteria","Alteromonadales","Colwelliaceae","Thalassotalea",NA,NA,"0","0","0","0"
"Bacteria","Proteobacteria","Gammaproteobacteria","Alteromonadales","Alteromonadaceae","Aestuariibacter",NA,NA,"0","0","0","0"
"Bacteria","Proteobacteria","Gammaproteobacteria","Alteromonadales","Alteromonadaceae","Alteromonas",NA,NA,"0","0","7.80092050862002e-05","0.000129819550824354"
"Bacteria","Proteobacteria","Gammaproteobacteria","Enterobacteriales","Enterobacteriaceae","Klebsiella",NA,NA,"0","0","0","0.00547096678474064"
"Bacteria","Proteobacteria","Gammaproteobacteria","Enterobacteriales","Enterobacteriaceae","Lelliottia",NA,NA,"0","0","0","0.000741826004710595"
"Bacteria","Proteobacteria","Gammaproteobacteria","Enterobacteriales","Enterobacteriaceae","Leclercia",NA,NA,"0","0","0","0.00370913002355298"
"Bacteria","Proteobacteria","Gammaproteobacteria","Alteromonadales","Shewanellaceae","Ferrimonas",NA,NA,"0","0.000274706407526956","0","0"
"Bacteria","Proteobacteria","Gammaproteobacteria","Alteromonadales","Moritellaceae","Paramoritella",NA,NA,"0.0126742712294043","0.00837854542957214","0.000312036820344801","0.000426549952708592"
"Bacteria","Proteobacteria","Gammaproteobacteria","Vibrionales","Vibrionaceae","Vibrio",NA,NA,"0.0430925221799747","0.0207403337682851","0.00366643263905141","0.00975501196194433"
"Bacteria","Proteobacteria","Gammaproteobacteria","Vibrionales","Vibrionaceae","Aliivibrio",NA,NA,"0","0","0","0"
"Bacteria","Proteobacteria","Gammaproteobacteria","Alteromonadales","Pseudoalteromonadaceae","Pseudoalteromonas",NA,NA,"0","0","0","0.000370913002355298"
"Bacteria","Proteobacteria","Gammaproteobacteria","Aeromonadales","Aeromonadaceae","Aeromonas",NA,NA,"0","0","0","0.0114241204725432"
"Bacteria","Proteobacteria","Gammaproteobacteria","Vibrionales","Vibrionaceae","Grimontia",NA,NA,"0","0.000206029805645217","0.000234027615258601","0"
"Bacteria","Proteobacteria","Gammaproteobacteria","Vibrionales","Vibrionaceae","Photobacterium",NA,NA,"0","0.0012361788338713","0.00405647866448241","0.00118692160753695"
"Bacteria","Proteobacteria","Gammaproteobacteria","Pseudomonadales","Moraxellaceae","Moraxella",NA,NA,"0","0","0.0646696310164599","0.000111273900706589"
"Bacteria","Proteobacteria","Gammaproteobacteria","Pseudomonadales","Moraxellaceae","Psychrobacter",NA,NA,"0","0","0.0020282393322412","0.000333821702119768"
"Bacteria","Proteobacteria","Gammaproteobacteria","Thiohalorhabdales","Thiohalorhabdaceae","Granulosicoccus",NA,NA,"0","0.021839159398393","0.0241048443716359","0.0312123291481983"
"Bacteria","Proteobacteria","Gammaproteobacteria","Gammaproteobacteria_Incertae_Sedis","Unknown_Family","Marinicella",NA,NA,"0.0114068441064639","0.000686766018817389","0.0012481472813792","0.000408004302590827"
"Bacteria","Proteobacteria","Gammaproteobacteria","Arenicellales","Arenicellaceae","Arenicella",NA,NA,"0.00190114068441065","0.00185426825080695","0.00522661674077541","0.00126110420800801"
"Bacteria","Proteobacteria","Gammaproteobacteria","Thiotrichales","Thiotrichaceae","Cocleimonas",NA,NA,"0","0","0.00234027615258601","0"
"Bacteria","Proteobacteria","Gammaproteobacteria","Thiotrichales","Thiotrichaceae","Leucothrix",NA,NA,"0","0.000343383009408694","0.00647476402215461","0.0017432911110699"
"Bacteria","Proteobacteria","Gammaproteobacteria","Thiotrichales","Thiotrichaceae","Thiothrix",NA,NA,"0","0","0.0010141196661206","0.00131674115836131"
"Bacteria","Proteobacteria","Gammaproteobacteria","Chromatiales","Chromatiaceae","Candidatus_Thiobios",NA,NA,"0","0","0","0"
"Bacteria","Proteobacteria","Gammaproteobacteria","Tenderiales","Tenderiaceae","Candidatus_Tenderia",NA,NA,"0.0114068441064639","0.00439530252043129","0.00764490209844762","0.0103670184158306"
"Bacteria","Proteobacteria","Gammaproteobacteria","Ectothiorhodospirales","Thioalkalispiraceae","Thioprofundum",NA,NA,"0","0","0.0018722209220688","0"
"Bacteria","Proteobacteria","Gammaproteobacteria","Ectothiorhodospirales","Thioalkalispiraceae","Thiohalophilus",NA,NA,"0","0","0.000936110461034402","0"
"Bacteria","Proteobacteria","Gammaproteobacteria","Ectothiorhodospirales","Ectothiorhodospiraceae","Thiogranum",NA,NA,"0","0","0","3.70913002355298e-05"
"Bacteria","Proteobacteria","Gammaproteobacteria","Diplorickettsiales","Diplorickettsiaceae","Aquicella",NA,NA,"0","0","0","0"
"Bacteria","Proteobacteria","Gammaproteobacteria","Steroidobacterales","Woeseiaceae","Woeseia",NA,NA,"0.00950570342205323","0.00130485543575304","0.0126374912239644","0.00524841898332746"
"Bacteria","Proteobacteria","Alphaproteobacteria","Sneathiellales","Sneathiellaceae","Taonella",NA,NA,"0","0","0","0.000129819550824354"
"Bacteria","Proteobacteria","Alphaproteobacteria","Holosporales","Holosporaceae","Candidatus_Bealeia",NA,NA,"0","0","0","7.41826004710595e-05"
"Bacteria","Proteobacteria","Alphaproteobacteria","Rickettsiales","Anaplasmataceae","Neorickettsia",NA,NA,"0","0","0","0.000704734704475065"
"Bacteria","Proteobacteria","Alphaproteobacteria","SAR11_clade","Clade_I","Clade_Ia",NA,NA,"0","0","0","0"
"Bacteria","Proteobacteria","Alphaproteobacteria","SAR11_clade","Clade_I","Candidatus",NA,NA,"0","0","0","0.000185456501177649"
"Bacteria","Proteobacteria","Alphaproteobacteria","Sphingomonadales","Sphingomonadaceae","Parasphingopyxis",NA,NA,"0","6.86766018817389e-05","0.0018722209220688","0.00166910851059884"
"Bacteria","Proteobacteria","Alphaproteobacteria","Sphingomonadales","Sphingomonadaceae","Sphingorhabdus",NA,NA,"0","0.000274706407526956","0.00397846945939621","0.0104041097160661"
"Bacteria","Proteobacteria","Alphaproteobacteria","Sphingomonadales","Sphingomonadaceae","Altererythrobacter",NA,NA,"0","0.00192294485268869","0.00390046025431001","0.00602733628827359"
"Bacteria","Proteobacteria","Alphaproteobacteria","Sphingomonadales","Sphingomonadaceae","Erythromicrobium",NA,NA,"0","0","0","0"
"Bacteria","Proteobacteria","Alphaproteobacteria","Sphingomonadales","Sphingomonadaceae","Erythrobacter",NA,NA,"0.0152091254752852","0.0324153560881808","0.00741087448318902","0.0230707887464995"
"Bacteria","Proteobacteria","Alphaproteobacteria","Sphingomonadales","Sphingomonadaceae","Lutibacterium",NA,NA,"0","0.000343383009408694","0.0014821748966378","0.0100331967137108"
"Bacteria","Proteobacteria","Alphaproteobacteria","Sphingomonadales","Sphingomonadaceae","Novosphingobium",NA,NA,"0","0","0","5.56369503532946e-05"
"Bacteria","Proteobacteria","Alphaproteobacteria","Sphingomonadales","Sphingomonadaceae","Porphyrobacter",NA,NA,"0","0.00693633679005563","0.001950230127155","0.00795608390052113"
"Bacteria","Proteobacteria","Alphaproteobacteria","Sphingomonadales","Sphingomonadaceae","Sphingomicrobium",NA,NA,"0","0","0","0"
"Bacteria","Proteobacteria","Alphaproteobacteria","Sphingomonadales","Sphingomonadaceae","Sphingomonas",NA,NA,"0","0","0.010921288712068","0.000370913002355298"
"Bacteria","Proteobacteria","Alphaproteobacteria","Caulobacterales","Caulobacteraceae","Caulobacter",NA,NA,"0","0","0.0001560184101724","0.000129819550824354"
"Bacteria","Proteobacteria","Alphaproteobacteria","Rhizobiales","Hyphomicrobiaceae","Filomicrobium",NA,NA,"0.00760456273764259","0.00137353203763478","0.0100631874561198","0.0135383245859684"
"Bacteria","Proteobacteria","Alphaproteobacteria","Rhizobiales","Hyphomicrobiaceae","Hyphomicrobium",NA,NA,"0","0","0","0"
"Bacteria","Proteobacteria","Alphaproteobacteria","Rhizobiales","Methyloligellaceae","Methyloceanibacter",NA,NA,"0","0.000206029805645217","0.000936110461034402","0.00131674115836131"
"Bacteria","Proteobacteria","Alphaproteobacteria","Rhizobiales","Stappiaceae","Methyloceanibacter",NA,NA,"0.00190114068441065","0","0","0"
"Bacteria","Proteobacteria","Alphaproteobacteria","Rhizobiales","Rhizobiales_Incertae_Sedis","Anderseniella",NA,NA,"0","0.000755442620699128","0.001560184101724","0.00129819550824354"
"Bacteria","Proteobacteria","Alphaproteobacteria","Rhizobiales","Stappiaceae","Pseudovibrio",NA,NA,"0","0","0","5.56369503532946e-05"
"Bacteria","Proteobacteria","Alphaproteobacteria","Rhizobiales","Stappiaceae","Roseibium",NA,NA,"0","0","0.000858101255948202","3.70913002355298e-05"
"Bacteria","Proteobacteria","Alphaproteobacteria","Rhizobiales","Stappiaceae","Labrenzia",NA,NA,"0","0.000343383009408694","0","0.000445095602826357"
"Bacteria","Proteobacteria","Alphaproteobacteria","Rhizobiales","Stappiaceae","Stappia",NA,NA,"0","0","0","5.56369503532946e-05"
"Bacteria","Proteobacteria","Alphaproteobacteria","Rhizobiales","Rhizobiaceae","Ahrensia",NA,NA,"0","0.00164823844516173","0.0012481472813792","0.00183601936165872"
"Bacteria","Proteobacteria","Alphaproteobacteria","Rhizobiales","Rhizobiaceae","Hoeflea",NA,NA,"0.00380228136882129","0.000480736213172172","0.0020282393322412","0.0006861890543573"
"Bacteria","Proteobacteria","Alphaproteobacteria","Rhizobiales","Rhizobiaceae","Phyllobacterium",NA,NA,"0","0.00837854542957214","0.0001560184101724","0.000222547801413179"
"Bacteria","Proteobacteria","Alphaproteobacteria","Rhizobiales","Rhizobiaceae","Pseudahrensia",NA,NA,"0.00316856780735108","0.00693633679005563","0.00343240502379281","0.0052298733332097"
"Bacteria","Proteobacteria","Alphaproteobacteria","Rhizobiales","Rhizobiaceae","Aquamicrobium",NA,NA,"0","0.000274706407526956","0.001560184101724","0.00102001075647707"
"Bacteria","Proteobacteria","Alphaproteobacteria","Rhizobiales","Rhizobiaceae","Tianweitania",NA,NA,"0.000633713561470215","0.00151088524139826","0","0.000148365200942119"
"Bacteria","Proteobacteria","Alphaproteobacteria","Rhizobiales","Rhizobiaceae","Corticibacterium",NA,NA,"0","0","0","3.70913002355298e-05"
"Bacteria","Proteobacteria","Alphaproteobacteria","Rhizobiales","Rhizobiaceae","Aliihoeflea",NA,NA,"0","0.000137353203763478","0","0"
"Bacteria","Proteobacteria","Alphaproteobacteria","Rhizobiales","Rhizobiaceae","Nitratireductor",NA,NA,"0","0","0","0"
"Bacteria","Proteobacteria","Alphaproteobacteria","Rhizobiales","Rhizobiaceae","Mesorhizobium",NA,NA,"0","0","0","0"
"Bacteria","Proteobacteria","Alphaproteobacteria","Rhizobiales","Rhizobiaceae","Methylobrevis",NA,NA,"0","0","0","0"
"Bacteria","Proteobacteria","Alphaproteobacteria","Rhizobiales","Rhizobiaceae","Tepidamorphus",NA,NA,"0","0.000480736213172172","0","0.000241093451530943"
"Bacteria","Proteobacteria","Alphaproteobacteria","Rhizobiales","Rhizobiales_Incertae_Sedis","Bauldia",NA,NA,"0","0","0","0"
"Bacteria","Proteobacteria","Alphaproteobacteria","Rhizobiales","Rhizobiales_Incertae_Sedis","Amorphus",NA,NA,"0","0","0","0"
"Bacteria","Proteobacteria","Alphaproteobacteria","Rhodobacterales","Rhodobacteraceae","Sedimentitalea",NA,NA,"0","0","0.000234027615258601","0.0010014651063593"
"Bacteria","Proteobacteria","Alphaproteobacteria","Rhodobacterales","Rhodobacteraceae","Loktanella",NA,NA,"0","0.00309044708467825","0.00499258912551681","0.00695461879416183"
"Bacteria","Proteobacteria","Alphaproteobacteria","Rhodobacterales","Rhodobacteraceae","Albidovulum",NA,NA,"0","0","0.0001560184101724","0"
"Bacteria","Proteobacteria","Alphaproteobacteria","Rhizobiales","Rhizobiaceae","Lentilitoribacter",NA,NA,"0","0.0012361788338713","0.000936110461034402","0.000500732553179652"
"Bacteria","Proteobacteria","Alphaproteobacteria","Rhodobacterales","Rhodobacteraceae","Confluentimicrobium",NA,NA,"0","0.00199162145457043","0.0022622669474998","0.00610151888874464"
"Bacteria","Proteobacteria","Alphaproteobacteria","Rhodobacterales","Rhodobacteraceae","Albimonas",NA,NA,"0","0.00116750223198956","0","0"
"Bacteria","Proteobacteria","Alphaproteobacteria","Rhodobacterales","Rhodobacteraceae","Pontivivens",NA,NA,"0","6.86766018817389e-05","0","3.70913002355298e-05"
"Bacteria","Proteobacteria","Alphaproteobacteria","Rhodobacterales","Rhodobacteraceae","Oceanicella",NA,NA,"0.000633713561470215","0.00508206853924868","0.00397846945939621","0.00645388624098218"
"Bacteria","Proteobacteria","Alphaproteobacteria","Rhodobacterales","Rhodobacteraceae","Limibaculum",NA,NA,"0.00380228136882129","0.000137353203763478","0.00265231297293081","0.000352367352237533"
"Bacteria","Proteobacteria","Alphaproteobacteria","Rhodobacterales","Rhodobacteraceae","Rhodobacter",NA,NA,"0","6.86766018817389e-05","0.000702082845775802","0.00352367352237533"
"Bacteria","Proteobacteria","Alphaproteobacteria","Rhodobacterales","Rhodobacteraceae","Fluviibacterium",NA,NA,"0","0","0","0"
"Bacteria","Proteobacteria","Alphaproteobacteria","Rhodobacterales","Rhodobacteraceae","Puniceibacterium",NA,NA,"0","0","0","3.70913002355298e-05"
"Bacteria","Proteobacteria","Alphaproteobacteria","Rhodobacterales","Rhodobacteraceae","Citreimonas",NA,NA,"0","0.000824119222580867","0.0018722209220688","5.56369503532946e-05"
"Bacteria","Proteobacteria","Alphaproteobacteria","Rhodobacterales","Rhodobacteraceae","Aestuariihabitans",NA,NA,"0","0.000274706407526956","0","0"
"Bacteria","Proteobacteria","Alphaproteobacteria","Rhodobacterales","Rhodobacteraceae","Poseidonocella",NA,NA,"0","0.000343383009408694","0.000234027615258601","9.27282505888244e-05"
"Bacteria","Proteobacteria","Alphaproteobacteria","Rhodobacterales","Rhodobacteraceae","Hahyoungchilella",NA,NA,"0","0","0","0.000890191205652714"
"Bacteria","Proteobacteria","Alphaproteobacteria","Rhodobacterales","Rhodobacteraceae","HIMB11",NA,NA,"0","0","0","3.70913002355298e-05"
"Bacteria","Proteobacteria","Alphaproteobacteria","Rhodobacterales","Rhodobacteraceae","Aliishimia",NA,NA,"0.000633713561470215","0.00267838747338782","0.000390046025431001","0.000500732553179652"
"Bacteria","Proteobacteria","Alphaproteobacteria","Rhodobacterales","Rhodobacteraceae","Mameliella",NA,NA,"0","0.000549412815053911","0","7.41826004710595e-05"
"Bacteria","Proteobacteria","Alphaproteobacteria","Rhodobacterales","Rhodobacteraceae","Ruegeria",NA,NA,"0.103295310519645","0.0355744797747407","0.0209064669631016","0.0173216372099924"
"Bacteria","Proteobacteria","Alphaproteobacteria","Rhodobacterales","Rhodobacteraceae","Ponticoccus",NA,NA,"0.00126742712294043","0.00116750223198956","0.00335439581870661","0.00754807959793031"
"Bacteria","Proteobacteria","Alphaproteobacteria","Rhodobacterales","Rhodobacteraceae","Donghicola",NA,NA,"0","0","0","3.70913002355298e-05"
"Bacteria","Proteobacteria","Alphaproteobacteria","Rhodobacterales","Rhodobacteraceae","Primorskyibacter",NA,NA,"0.00126742712294043","0.00796648581828171","0.01950230127155","0.0254817232618089"
"Bacteria","Proteobacteria","Alphaproteobacteria","Rhodobacterales","Rhodobacteraceae","Sagittula",NA,NA,"0","0.000137353203763478","0","0"
"Bacteria","Proteobacteria","Alphaproteobacteria","Rhodobacterales","Rhodobacteraceae","Marimonas",NA,NA,"0.00506970849176172","0.00405191951102259","0.000546064435603401","0.000537823853415182"
"Bacteria","Proteobacteria","Alphaproteobacteria","Rhodobacterales","Rhodobacteraceae","Salinihabitans",NA,NA,"0","0","0","3.70913002355298e-05"
"Bacteria","Proteobacteria","Alphaproteobacteria","Rhodobacterales","Rhodobacteraceae","Aestuariicoccus",NA,NA,"0","0.00130485543575304","0.00655277322724081","0.00289312141837132"
"Bacteria","Proteobacteria","Alphaproteobacteria","Rhodobacterales","Rhodobacteraceae","Thalassococcus",NA,NA,"0","0.00226632786209738","0.00998517825103362","0.00244802581554496"
"Bacteria","Proteobacteria","Alphaproteobacteria","Rhodobacterales","Rhodobacteraceae","Roseibacterium",NA,NA,"0","0","0","0"
"Bacteria","Proteobacteria","Alphaproteobacteria","Rhodobacterales","Rhodobacteraceae","Planktotalea",NA,NA,"0.00126742712294043","0.00199162145457043","0.00468055230517201","0.00131674115836131"
"Bacteria","Proteobacteria","Alphaproteobacteria","Rhodobacterales","Rhodobacteraceae","Aliiroseovarius",NA,NA,"0","0.00714236659570084","0.00460254310008581","0.00656516014168877"
"Bacteria","Proteobacteria","Alphaproteobacteria","Rhodobacterales","Rhodobacteraceae","Pseudaestuariivita",NA,NA,"0.00190114068441065","0.00130485543575304","0","3.70913002355298e-05"
"Bacteria","Proteobacteria","Alphaproteobacteria","Rhodobacterales","Rhodobacteraceae","Pseudomaribius",NA,NA,"0","0","0","0.000129819550824354"
"Bacteria","Proteobacteria","Alphaproteobacteria","Rhodobacterales","Rhodobacteraceae","Celeribacter",NA,NA,"0","0.00336515349220521","0.0180981355799984","0.00775208174922572"
"Bacteria","Proteobacteria","Alphaproteobacteria","Rhodobacterales","Rhodobacteraceae","Cognatishimia",NA,NA,"0","0","0.0001560184101724","0"
"Bacteria","Proteobacteria","Alphaproteobacteria","Rhodobacterales","Rhodobacteraceae","Phaeobacter",NA,NA,"0","0.0024723576677426","0.00374444184413761","0.00426549952708592"
"Bacteria","Proteobacteria","Alphaproteobacteria","Rhodobacterales","Rhodobacteraceae","Roseovarius",NA,NA,"0.00950570342205323","0.00556280475242085","0.00639675481706841","0.00962519241111997"
"Bacteria","Proteobacteria","Alphaproteobacteria","Rhodobacterales","Rhodobacteraceae","Tropicibacter",NA,NA,"0","0.000137353203763478","0","0.000166910851059884"
"Bacteria","Proteobacteria","Alphaproteobacteria","Rhodobacterales","Rhodobacteraceae","Aquicoccus",NA,NA,"0.00190114068441065","0.00157956184327999","0.0016381933068102","0.00456222992897016"
"Bacteria","Proteobacteria","Alphaproteobacteria","Rhodobacterales","Rhodobacteraceae","Thalassobacter",NA,NA,"0","0.00130485543575304","0","9.27282505888244e-05"
"Bacteria","Proteobacteria","Alphaproteobacteria","Rhodobacterales","Rhodobacteraceae","Halocynthiibacter",NA,NA,"0","0","0.000780092050862002","0.00124255855789025"
"Bacteria","Proteobacteria","Alphaproteobacteria","Rhodobacterales","Rhodobacteraceae","Tateyamaria",NA,NA,"0.0101394169835234","0.0209463635739304","0.0146657305562056","0.0201034847276571"
"Bacteria","Proteobacteria","Alphaproteobacteria","Rhodobacterales","Rhodobacteraceae","Seohaeicola",NA,NA,"0","0.000274706407526956","0","0"
"Bacteria","Proteobacteria","Alphaproteobacteria","Rhodobacterales","Rhodobacteraceae","Aestuariibius",NA,NA,"0.00126742712294043","0.031041824050546","0.00452453389499961","0.00255929971625155"
"Bacteria","Proteobacteria","Alphaproteobacteria","Rhodobacterales","Rhodobacteraceae","Actibacterium",NA,NA,"0.0405576679340938","0.0235560744454364","0.014041656915516","0.0212904063351941"
"Bacteria","Proteobacteria","Alphaproteobacteria","Rhodobacterales","Rhodobacteraceae","Pseudooceanicola",NA,NA,"0.0139416983523447","0.0181306228967791","0.00764490209844762","0.0128335898814933"
"Bacteria","Proteobacteria","Alphaproteobacteria","Rhodobacterales","Rhodobacteraceae","Palleronia",NA,NA,"0","0","0","0"
"Bacteria","Proteobacteria","Alphaproteobacteria","Rhodobacterales","Rhodobacteraceae","Nereida",NA,NA,"0.0139416983523447","0.00178559164892521","0.00397846945939621","0.0113128465718366"
"Bacteria","Proteobacteria","Alphaproteobacteria","Rhodobacterales","Rhodobacteraceae","Yoonia",NA,NA,"0","0.0037085365016139","0.0221546142444808","0.00229966061460284"
"Bacteria","Proteobacteria","Alphaproteobacteria","Rhodobacterales","Rhodobacteraceae","Limimaricola",NA,NA,"0.017743979721166","0.0399011056932903","0.0016381933068102","0.000463641252944122"
"Bacteria","Proteobacteria","Alphaproteobacteria","Rhodobacterales","Rhodobacteraceae","Cognatiyoonia",NA,NA,"0.00253485424588086","0.00329647689032347","0.00639675481706841","9.27282505888244e-05"
"Bacteria","Proteobacteria","Alphaproteobacteria","Rhodobacterales","Rhodobacteraceae","Lentibacter",NA,NA,"0.0152091254752852","0.00762310280887302","0.001170138076293","0.00189165631201202"
"Bacteria","Proteobacteria","Alphaproteobacteria","Rhodobacterales","Rhodobacteraceae","Roseobacter",NA,NA,"0","0.00061808941693565","0","0"
"Bacteria","Proteobacteria","Alphaproteobacteria","Rhodobacterales","Rhodobacteraceae","Pseudopelagicola",NA,NA,"0","6.86766018817389e-05","0.0108432795069818","0.00226256931436732"
"Bacteria","Proteobacteria","Alphaproteobacteria","Rhodobacterales","Rhodobacteraceae","Amylibacter",NA,NA,"0.0120405576679341","0.00817251562392693","0.00351041422887901","0.00547096678474064"
"Bacteria","Proteobacteria","Alphaproteobacteria","Rhodobacterales","Rhodobacteraceae","Pseudooctadecabacter",NA,NA,"0","0.00350250669596868","0.00304235899836181","0.0006861890543573"
"Bacteria","Proteobacteria","Alphaproteobacteria","Rhodobacterales","Rhodobacteraceae","Planktomarina",NA,NA,"0","0","0","1.85456501177649e-05"
"Bacteria","Proteobacteria","Alphaproteobacteria","Rhodobacterales","Rhodobacteraceae","Litoreibacter",NA,NA,"0.00126742712294043","0.00302177048279651","0.00834698494422342","0.00419131692661486"
"Bacteria","Proteobacteria","Alphaproteobacteria","Rhodobacterales","Rhodobacteraceae","Pseudopuniceibacterium",NA,NA,"0","0.0024723576677426","0.000624073640689601","0.000964373806123774"
"Bacteria","Proteobacteria","Alphaproteobacteria","Rhodobacterales","Rhodobacteraceae","Litorisediminivivens",NA,NA,"0.000633713561470215","0.000686766018817389","0","0.000741826004710595"
"Bacteria","Proteobacteria","Alphaproteobacteria","Rhodobacterales","Rhodobacteraceae","Flavimaricola",NA,NA,"0","0","0","0"
"Bacteria","Proteobacteria","Alphaproteobacteria","Rhodobacterales","Rhodobacteraceae","Pelagimonas",NA,NA,"0","0.000137353203763478","0.0013261564864654","0.00170619981083437"
"Bacteria","Proteobacteria","Alphaproteobacteria","Rhodobacterales","Rhodobacteraceae","Pelagicola",NA,NA,"0","0","0","3.70913002355298e-05"
"Bacteria","Proteobacteria","Alphaproteobacteria","Rhodobacterales","Rhodobacteraceae","Ascidiaceihabitans",NA,NA,"0","6.86766018817389e-05","0.000936110461034402","0.000185456501177649"
"Bacteria","Proteobacteria","Alphaproteobacteria","Rhodobacterales","Rhodobacteraceae","Epibacterium",NA,NA,"0.000633713561470215","0.00721104319758258","0.00413448786956861","0.00213274976354296"
"Bacteria","Proteobacteria","Alphaproteobacteria","Rhodobacterales","Rhodobacteraceae","Sulfitobacter",NA,NA,"0.0190114068441065","0.0327587390975895","0.0342460410328419","0.0201776673281282"
"Bacteria","Proteobacteria","Alphaproteobacteria","Rhodobacterales","Rhodobacteraceae","Marivivens",NA,NA,"0","0.000961472426344344","0.0001560184101724","0.000222547801413179"
"Bacteria","Proteobacteria","Alphaproteobacteria","Rhodobacterales","Rhodobacteraceae","Roseivivax",NA,NA,"0","0","0","0"
"Bacteria","Proteobacteria","Alphaproteobacteria","Rhodobacterales","Rhodobacteraceae","Pseudoseohaeicola",NA,NA,"0","0","0.000312036820344801","0"
"Bacteria","Proteobacteria","Alphaproteobacteria","Rhodobacterales","Rhodobacteraceae","Gemmobacter",NA,NA,"0","0","0","0"
"Bacteria","Proteobacteria","Alphaproteobacteria","Rhodobacterales","Rhodobacteraceae","Acidimangrovimonas",NA,NA,"0","0","0.000390046025431001","0"
"Bacteria","Proteobacteria","Alphaproteobacteria","Rhodobacterales","Rhodobacteraceae","Rhodovulum",NA,NA,"0","0","0","3.70913002355298e-05"
"Bacteria","Proteobacteria","Alphaproteobacteria","Rhodobacterales","Rhodobacteraceae","Hwanghaeicola",NA,NA,"0","0","0","1.85456501177649e-05"
"Bacteria","Proteobacteria","Alphaproteobacteria","Rhodobacterales","Rhodobacteraceae","Aestuariivita",NA,NA,"0","0.000206029805645217","0","0.000129819550824354"
"Bacteria","Proteobacteria","Alphaproteobacteria","Rhodobacterales","Rhodobacteraceae","Psychromarinibacter",NA,NA,"0.00190114068441065","0.000892795824462606","7.80092050862002e-05","0.000166910851059884"
"Bacteria","Proteobacteria","Alphaproteobacteria","Rhodobacterales","Rhodobacteraceae","Boseongicola",NA,NA,"0.000633713561470215","0.01105693290296","0.0123254544036196","0.00489605163108993"
"Bacteria","Proteobacteria","Alphaproteobacteria","Rhodobacterales","Rhodobacteraceae","Marivita",NA,NA,"0.00506970849176172","0.0304237346336103","0.00585069038146501","0.00873500120546726"
"Bacteria","Proteobacteria","Alphaproteobacteria","Rhodobacterales","Rhodobacteraceae","Octadecabacter",NA,NA,"0","0.00267838747338782","0.0162259146579296","0.0153928895977448"
"Bacteria","Proteobacteria","Alphaproteobacteria","Rhodobacterales","Rhodobacteraceae","Nioella",NA,NA,"0","0.00151088524139826","0","7.41826004710595e-05"
"Bacteria","Proteobacteria","Alphaproteobacteria","Rhodobacterales","Rhodobacteraceae","Silicimonas",NA,NA,"0","0","0","1.85456501177649e-05"
"Bacteria","Proteobacteria","Alphaproteobacteria","Rhodobacterales","Rhodobacteraceae","Pseudoruegeria",NA,NA,"0.0741444866920152","0.0942929743836275","0.0227786878851704","0.0244802581554496"
"Bacteria","Proteobacteria","Alphaproteobacteria","Rhodobacterales","Rhodobacteraceae","Shimia",NA,NA,"0.0082382762991128","0.0212210699814573","0.00631874561198221","0.0117393965245452"
"Bacteria","Proteobacteria","Alphaproteobacteria","Rhodobacterales","Rhodobacteraceae","Lutimaribacter",NA,NA,"0.00697084917617237","0.000480736213172172","0","0.000704734704475065"
"Bacteria","Proteobacteria","Alphaproteobacteria","Rhodobacterales","Rhodobacteraceae","Maribius",NA,NA,"0","0","0.0001560184101724","0.000241093451530943"
"Bacteria","Proteobacteria","Alphaproteobacteria","Rhodobacterales","Rhodobacteraceae","Thalassobius",NA,NA,"0.00443599493029151","0.00570015795618433","0.000780092050862002","0.00276330186754697"
"Bacteria","Proteobacteria","Alphaproteobacteria","Rhodobacterales","Rhodobacteraceae","Falsirhodobacter",NA,NA,"0","0","0","0.000519278203297417"
"Bacteria","Proteobacteria","Alphaproteobacteria","Rhodobacterales","Rhodobacteraceae","Jannaschia",NA,NA,"0","6.86766018817389e-05","0","0.000166910851059884"
"Bacteria","Proteobacteria","Alphaproteobacteria","Rhodobacterales","Rhodobacteraceae","Defluviimonas",NA,NA,"0","0.0012361788338713","0","0.000166910851059884"
"Bacteria","Proteobacteria","Alphaproteobacteria","Rhodobacterales","Rhodobacteraceae","Oceanicola",NA,NA,"0","0.00061808941693565","0.000858101255948202","0.000370913002355298"
"Bacteria","Proteobacteria","Alphaproteobacteria","Rhodobacterales","Rhodobacteraceae","Antarctobacter",NA,NA,"0","0","0","0.000278184751766473"
"Bacteria","Proteobacteria","Alphaproteobacteria","Rhodobacterales","Rhodobacteraceae","Brevirhabdus",NA,NA,"0","0","7.80092050862002e-05","0"
"Bacteria","Proteobacteria","Alphaproteobacteria","Rhizobiales","Rhizobiaceae","Cohaesibacter",NA,NA,"0","0","0.000234027615258601","0.00150219765953896"
"Bacteria","Proteobacteria","Alphaproteobacteria","Rhodobacterales","Rhodobacteraceae","Tianweitania",NA,NA,"0","0","0.0001560184101724","0"
"Bacteria","Proteobacteria","Alphaproteobacteria","Rhodobacterales","Rhodobacteraceae","Amaricoccus",NA,NA,"0","0.00501339193736694","0.0102192058662922","0.00409858867602604"
"Bacteria","Proteobacteria","Alphaproteobacteria","Rhodobacterales","Rhodobacteraceae","Chachezhania",NA,NA,"0","0.000343383009408694","0.000624073640689601","0.00150219765953896"
"Bacteria","Proteobacteria","Alphaproteobacteria","Rhodobacterales","Rhodobacteraceae","Maritimibacter",NA,NA,"0.00443599493029151","0.00425794931666781","0.0336999765972385","0.0122957660280781"
"Bacteria","Proteobacteria","Alphaproteobacteria","Rhodobacterales","Rhodobacteraceae","Phyllobacterium",NA,NA,"0","6.86766018817389e-05","0.000234027615258601","0.000741826004710595"
"Bacteria","Proteobacteria","Alphaproteobacteria","Rhodobacterales","Rhodobacteraceae","Leisingera",NA,NA,"0","0.00322780028844173","0.0014041656915516","0.000166910851059884"
"Bacteria","Proteobacteria","Alphaproteobacteria","Rhodobacterales","Rhodobacteraceae","Pseudodonghicola",NA,NA,"0","0","0","0"
"Bacteria","Proteobacteria","Alphaproteobacteria","Rhodobacterales","Rhodobacteraceae","Pelagibaca",NA,NA,"0.00126742712294043","0","0","0.000129819550824354"
"Bacteria","Proteobacteria","Alphaproteobacteria","Rhodobacterales","Rhodobacteraceae","Methylarcula",NA,NA,"0","0","0","5.56369503532946e-05"
"Bacteria","Proteobacteria","Alphaproteobacteria","Rhodobacterales","Rhodobacteraceae","Thioclava",NA,NA,"0","0.00151088524139826","0.00257430376784461","0.00333821702119768"
"Bacteria","Proteobacteria","Alphaproteobacteria","Rhodobacterales","Rhodobacteraceae","Wenxinia",NA,NA,"0.000633713561470215","0.000274706407526956","0","9.27282505888244e-05"
"Bacteria","Proteobacteria","Alphaproteobacteria","Rhodobacterales","Rhodobacteraceae","Jhaorihella",NA,NA,"0.000633713561470215","0","0.000390046025431001","0.00107564770683036"
"Bacteria","Proteobacteria","Alphaproteobacteria","Rhodobacterales","Rhodobacteraceae","Sinirhodobacter",NA,NA,"0","0","0","0"
"Bacteria","Proteobacteria","Alphaproteobacteria","Rhodobacterales","Rhodobacteraceae","Halovulum",NA,NA,"0","0","0","0.000556369503532946"
"Bacteria","Proteobacteria","Alphaproteobacteria","Rhodobacterales","Rhodobacteraceae","Cribrihabitans",NA,NA,"0","0.000686766018817389","0.0014821748966378","0.0010014651063593"
"Bacteria","Proteobacteria","Alphaproteobacteria","Caulobacterales","Hyphomonadaceae","Ponticaulis",NA,NA,"0","6.86766018817389e-05","0","0.000463641252944122"
"Bacteria","Proteobacteria","Alphaproteobacteria","Caulobacterales","Hyphomonadaceae","Hyphomonas",NA,NA,"0.00380228136882129","0.00762310280887302","0.010531242686637","0.0253519037109846"
"Bacteria","Proteobacteria","Alphaproteobacteria","Caulobacterales","Hyphomonadaceae","Hirschia",NA,NA,"0","0","0.00358842343396521","0.0021142041134252"
"Bacteria","Proteobacteria","Alphaproteobacteria","Caulobacterales","Hyphomonadaceae","Fretibacter",NA,NA,"0","0.000206029805645217","0.000702082845775802","0.00120546725765472"
"Bacteria","Proteobacteria","Alphaproteobacteria","Caulobacterales","Hyphomonadaceae","Litorimonas",NA,NA,"0","6.86766018817389e-05","0.0017162025118964","0.00285603011813579"
"Bacteria","Proteobacteria","Alphaproteobacteria","Caulobacterales","Hyphomonadaceae","Algimonas",NA,NA,"0","0.00192294485268869","7.80092050862002e-05","0.00975501196194433"
"Bacteria","Proteobacteria","Alphaproteobacteria","Caulobacterales","Hyphomonadaceae","Hellea",NA,NA,"0.000633713561470215","0","0.000234027615258601","0"
"Bacteria","Proteobacteria","Alphaproteobacteria","Caulobacterales","Parvularculaceae","Parvularcula",NA,NA,"0","6.86766018817389e-05","7.80092050862002e-05","0.00304148661931344"
"Bacteria","Proteobacteria","Alphaproteobacteria","Caulobacterales","Parvularculaceae","Hyphococcus",NA,NA,"0","0","0","0.000816008605181655"
"Bacteria","Proteobacteria","Alphaproteobacteria","Caulobacterales","Parvularculaceae","Marinicaulis",NA,NA,"0","0","0.000234027615258601","0.00163201721036331"
"Bacteria","Proteobacteria","Alphaproteobacteria","Caulobacterales","Parvularculaceae","Aquisalinus",NA,NA,"0","0","0.000234027615258601","1.85456501177649e-05"
"Bacteria","Proteobacteria","Deltaproteobacteria","Bdellovibrionales","Bdellovibrionaceae","Bdellovibrio",NA,NA,"0","0","0.000390046025431001","0.000166910851059884"
"Bacteria","Proteobacteria","Deltaproteobacteria","Desulfobacterales","Desulfobulbaceae","Desulfopila",NA,NA,"0","0","0","0.000166910851059884"
"Bacteria","Proteobacteria","Deltaproteobacteria","Desulfobacterales","Desulfobulbaceae","Desulfobacterium",NA,NA,"0","6.86766018817389e-05","0.000468055230517201","0.000296730401884238"
"Bacteria","Proteobacteria","Deltaproteobacteria","Desulfobacterales","Desulfobulbaceae","Desulforhopalus",NA,NA,"0.00380228136882129","0.000549412815053911","0.00553865356112021","0.00163201721036331"
"Bacteria","Proteobacteria","Deltaproteobacteria","Desulfobacterales","Desulfobulbaceae","Desulfotalea",NA,NA,"0","0","0.00319837740853421","1.85456501177649e-05"
"Bacteria","Proteobacteria","Deltaproteobacteria","Desulfobacterales","Desulfobulbaceae","Desulfocapsa",NA,NA,"0","0","0","0"
"Bacteria","Proteobacteria","Deltaproteobacteria","Desulfobacterales","Desulfobulbaceae","Desulfobulbus",NA,NA,"0","0.000137353203763478","0","3.70913002355298e-05"
"Bacteria","Proteobacteria","Deltaproteobacteria","Desulfobacterales","Desulfobulbaceae","Desulfurivibrio",NA,NA,"0","0","0","0"
"Bacteria","Proteobacteria","Deltaproteobacteria","Desulfobacterales","Desulfobacteraceae","Sva0081_sediment_group",NA,NA,"0","0","0","0.000111273900706589"
"Bacteria","Proteobacteria","Deltaproteobacteria","Desulfobacterales","Desulfobacteraceae","Algorimarina",NA,NA,"0","0","0","0"
"Bacteria","Proteobacteria","Deltaproteobacteria","Desulfobacterales","Desulfobacteraceae","Desulfosarcina",NA,NA,"0","0","0","1.85456501177649e-05"
"Bacteria","Proteobacteria","Deltaproteobacteria","Desulfobacterales","Desulfobacteraceae","Desulfatibacillum",NA,NA,"0","0","0","0"
"Bacteria","Proteobacteria","Deltaproteobacteria","Desulfobacterales","Desulfobacteraceae","Desulfobotulus",NA,NA,"0","0","0","0"
"Bacteria","Proteobacteria","Deltaproteobacteria","Desulfobacterales","Desulfobacteraceae","Desulfatiferula",NA,NA,"0","0","0","0"
"Bacteria","Proteobacteria","Deltaproteobacteria","Desulfobacterales","Desulfobacteraceae","Desulfobacula",NA,NA,"0","0","0","0"
"Bacteria","Proteobacteria","Deltaproteobacteria","Desulfobacterales","Desulfobacteraceae","Desulfospira",NA,NA,"0","0","0","0"
"Bacteria","Proteobacteria","Deltaproteobacteria","Desulfarculales","Desulfarculaceae","Desulfatiglans",NA,NA,"0","0","0","0"
"Bacteria","Proteobacteria","Deltaproteobacteria","Myxococcales","Haliangiaceae","Haliangium",NA,NA,"0","0","0","0.000241093451530943"
"Bacteria","Proteobacteria","Deltaproteobacteria","Bdellovibrionales","Bacteriovoracaceae","Peredibacter",NA,NA,"0","0","0","5.56369503532946e-05"
"Bacteria","Proteobacteria","Deltaproteobacteria","Bdellovibrionales","Bdellovibrionaceae","OM27_clade",NA,NA,"0","0","0.0001560184101724","7.41826004710595e-05"
"Bacteria","Deinococcus-Thermus","Deinococci","Deinococcales","Deinococcaceae","Deinococcus",NA,NA,"0","0","0","0.000482186903061887"
"Bacteria","Deinococcus-Thermus","Deinococci","Deinococcales","Trueperaceae","Truepera",NA,NA,"0","0.000137353203763478","0.000702082845775802","0.00222547801413179"
"Bacteria","Calditrichaeota","Calditrichia","Calditrichales","Calditrichaceae","Calorithrix",NA,NA,"0","0","0","0"
"Bacteria","Bacteroidetes","Bacteroidia","Cytophagales","Cyclobacteriaceae","Algoriphagus",NA,NA,"0","0.00061808941693565","0","0"
"Bacteria","Bacteroidetes","Bacteroidia","Cytophagales","Spirosomaceae","Arcticibacterium",NA,NA,"0","0","0","0"
"Bacteria","Bacteroidetes","Bacteroidia","Cytophagales","Cyclobacteriaceae","Ekhidna",NA,NA,"0","0","0","0.000445095602826357"
"Bacteria","Bacteroidetes","Bacteroidia","Cytophagales","Cyclobacteriaceae","Fulvivirga",NA,NA,"0.0202788339670469","0.0234873978435547","0.0018722209220688","0.00489605163108993"
"Bacteria","Bacteroidetes","Bacteroidia","Cytophagales","Cyclobacteriaceae","Fabibacter",NA,NA,"0","0","0","0"
"Bacteria","Bacteroidetes","Bacteroidia","Cytophagales","Cyclobacteriaceae","Persicobacter",NA,NA,"0.00697084917617237","0.000824119222580867","0","0"
"Bacteria","Bacteroidetes","Bacteroidia","Cytophagales","Cyclobacteriaceae","Marinoscillum",NA,NA,"0","0","0","0"
"Bacteria","Bacteroidetes","Bacteroidia","Chitinophagales","Chitinophagaceae","Taibaiella",NA,NA,"0","0","0.0017942117169826","0.000296730401884238"
"Bacteria","Bacteroidetes","Bacteroidia","Chitinophagales","Saprospiraceae","Portibacter",NA,NA,"0.00380228136882129","0.00343383009408694","0.00288634058818941","0.00556369503532946"
"Bacteria","Bacteroidetes","Bacteroidia","Chitinophagales","Saprospiraceae","Rubidimonas",NA,NA,"0","0","0.00436851548482721","0.00726989484616383"
"Bacteria","Bacteroidetes","Bacteroidia","Chitinophagales","Saprospiraceae","Lewinella",NA,NA,"0","0.00199162145457043","0.0018722209220688","0.00213274976354296"
"Bacteria","Bacteroidetes","Bacteroidia","Bacteroidales","Marinilabiliaceae","Labilibacter",NA,NA,"0","0.000206029805645217","0","0"
"Bacteria","Bacteroidetes","Bacteroidia","Bacteroidales","Prolixibacteraceae","Roseimarinus",NA,NA,"0","0","0","0"
"Bacteria","Bacteroidetes","Bacteroidia","Bacteroidales","Prolixibacteraceae","Maribellus",NA,NA,"0","0","0","0"
"Bacteria","Bacteroidetes","Bacteroidia","Bacteroidales","Prolixibacteraceae","Draconibacterium",NA,NA,"0","0","0","0"
"Bacteria","Bacteroidetes","Bacteroidia","Bacteroidales","Rikenellaceae","Rikenellaceae_RC9_gut_group",NA,NA,"0","0","0","0"
"Bacteria","Bacteroidetes","Bacteroidia","Bacteroidales","Rikenellaceae","dgA-11_gut_group",NA,NA,"0","0","0","0"
"Bacteria","Bacteroidetes","Bacteroidia","Bacteroidales","Bacteroidaceae","Bacteroides",NA,NA,"0","0","0","0"
"Bacteria","Bacteroidetes","Bacteroidia","Bacteroidales","Rikenellaceae","Rikenella",NA,NA,"0","0.00061808941693565","0","0.000111273900706589"
"Bacteria","Bacteroidetes","Bacteroidia","Bacteroidales","Rikenellaceae","Alistipes",NA,NA,"0","0.000412059611290433","0","5.56369503532946e-05"
"Bacteria","Bacteroidetes","Bacteroidia","Bacteroidales","Marinifilaceae","Odoribacter",NA,NA,"0","0.000206029805645217","0","0"
"Bacteria","Bacteroidetes","Bacteroidia","Bacteroidales","Tannerellaceae","Parabacteroides",NA,NA,"0","0","0","0"
"Bacteria","Bacteroidetes","Bacteroidia","Bacteroidales","Tannerellaceae","Macellibacteroides",NA,NA,"0","0.000412059611290433","0","3.70913002355298e-05"
"Bacteria","Bacteroidetes","Bacteroidia","Flavobacteriales","Schleiferiaceae","Schleiferia",NA,NA,"0","0.000274706407526956","0.00343240502379281","0.00161347156024554"
"Bacteria","Bacteroidetes","Bacteroidia","Flavobacteriales","Cryomorphaceae","Cryomorpha",NA,NA,"0","0.000480736213172172","0.000390046025431001","0.000166910851059884"
"Bacteria","Bacteroidetes","Bacteroidia","Flavobacteriales","Cryomorphaceae","NS10_marine_group",NA,NA,"0","0","0.00288634058818941","0.000278184751766473"
"Bacteria","Bacteroidetes","Bacteroidia","Flavobacteriales","Flavobacteriaceae","Lutibacter",NA,NA,"0","0","0.000858101255948202","5.56369503532946e-05"
"Bacteria","Bacteroidetes","Bacteroidia","Flavobacteriales","Flavobacteriaceae","Marinitalea",NA,NA,"0","0","0.000312036820344801","0"
"Bacteria","Bacteroidetes","Bacteroidia","Flavobacteriales","Flavobacteriaceae","Polaribacter",NA,NA,"0","0.000824119222580867","0.000390046025431001","0.000537823853415182"
"Bacteria","Bacteroidetes","Bacteroidia","Flavobacteriales","Flavobacteriaceae","Pseudotenacibaculum",NA,NA,"0","0","0","0"
"Bacteria","Bacteroidetes","Bacteroidia","Flavobacteriales","Flavobacteriaceae","Tenacibaculum",NA,NA,"0.0082382762991128","0","0.0013261564864654","0.00226256931436732"
"Bacteria","Bacteroidetes","Bacteroidia","Flavobacteriales","Flavobacteriaceae","Aestuariimonas",NA,NA,"0","0.000206029805645217","0","7.41826004710595e-05"
"Bacteria","Bacteroidetes","Bacteroidia","Flavobacteriales","Flavobacteriaceae","Lutimonas",NA,NA,"0.0348542458808618","0.0168944440629078","0.0203604025274982","0.0351625526232822"
"Bacteria","Bacteroidetes","Bacteroidia","Flavobacteriales","Flavobacteriaceae","Actibacter",NA,NA,"0.0228136882129278","0.0396950758876451","0.0339340042124971","0.0350141874223401"
"Bacteria","Bacteroidetes","Bacteroidia","Flavobacteriales","Flavobacteriaceae","Maritimimonas",NA,NA,"0.0120405576679341","0.00556280475242085","0.012871518839223","0.00693607314404406"
"Bacteria","Bacteroidetes","Bacteroidia","Flavobacteriales","Flavobacteriaceae","Psychroflexus",NA,NA,"0","0","0.000390046025431001","5.56369503532946e-05"
"Bacteria","Bacteroidetes","Bacteroidia","Flavobacteriales","Flavobacteriaceae","Gramella",NA,NA,"0","0","0","0"
"Bacteria","Bacteroidetes","Bacteroidia","Flavobacteriales","Flavobacteriaceae","Winogradskyella",NA,NA,"0.0525982256020279","0.0741020534303963","0.0164599422731882","0.0431557278240389"
"Bacteria","Bacteroidetes","Bacteroidia","Flavobacteriales","Flavobacteriaceae","Hyunsoonleella",NA,NA,"0","6.86766018817389e-05","0","0"
"Bacteria","Bacteroidetes","Bacteroidia","Flavobacteriales","Flavobacteriaceae","Aureitalea",NA,NA,"0","0","0","0"
"Bacteria","Bacteroidetes","Bacteroidia","Flavobacteriales","Flavobacteriaceae","Gilvibacter",NA,NA,"0","0","0.000468055230517201","0.000166910851059884"
"Bacteria","Bacteroidetes","Bacteroidia","Flavobacteriales","Flavobacteriaceae","Tamlana",NA,NA,"0","0","0.0018722209220688","0.00220693236401402"
"Bacteria","Bacteroidetes","Bacteroidia","Flavobacteriales","Flavobacteriaceae","Frondibacter",NA,NA,"0","0","0","0.00072328035459283"
"Bacteria","Bacteroidetes","Bacteroidia","Flavobacteriales","Flavobacteriaceae","Croceibacter",NA,NA,"0","0","0","0"
"Bacteria","Bacteroidetes","Bacteroidia","Flavobacteriales","Flavobacteriaceae","Sediminicola",NA,NA,"0","0","0","0"
"Bacteria","Bacteroidetes","Bacteroidia","Flavobacteriales","Flavobacteriaceae","Pseudozobellia",NA,NA,"0","0.000137353203763478","0.00280833138310321","0.00330112572096215"
"Bacteria","Bacteroidetes","Bacteroidia","Flavobacteriales","Flavobacteriaceae","Aureicoccus",NA,NA,"0.00887198986058302","0.0129798777556487","0.00288634058818941","0.0146510635930343"
"Bacteria","Bacteroidetes","Bacteroidia","Flavobacteriales","Flavobacteriaceae","Croceitalea",NA,NA,"0","0.0148341460064556","0.0184101724003432","0.0460859405426457"
"Bacteria","Bacteroidetes","Bacteroidia","Flavobacteriales","Flavobacteriaceae","Flagellimonas",NA,NA,"0","0","0","0"
"Bacteria","Bacteroidetes","Bacteroidia","Flavobacteriales","Flavobacteriaceae","Muricauda",NA,NA,"0.0437262357414449","0.00762310280887302","0.00460254310008581","0.000667643404239536"
"Bacteria","Bacteroidetes","Bacteroidia","Flavobacteriales","Flavobacteriaceae","Croceivirga",NA,NA,"0","0","0","0"
"Bacteria","Bacteroidetes","Bacteroidia","Flavobacteriales","Flavobacteriaceae","Pricia",NA,NA,"0","0","0.000780092050862002","0.00172474546095213"
"Bacteria","Bacteroidetes","Bacteroidia","Flavobacteriales","Flavobacteriaceae","Aurantibacter",NA,NA,"0","0.000206029805645217","0.0010921288712068","0.00354221917249309"
"Bacteria","Bacteroidetes","Bacteroidia","Flavobacteriales","Flavobacteriaceae","Maribacter",NA,NA,"0","0.000480736213172172","0.0182541539901708","0.00930991635911797"
"Bacteria","Bacteroidetes","Bacteroidia","Flavobacteriales","Flavobacteriaceae","Spongiimicrobium",NA,NA,"0","0","7.80092050862002e-05","0.00406149737579051"
"Bacteria","Bacteroidetes","Bacteroidia","Flavobacteriales","Flavobacteriaceae","Robiginitalea",NA,NA,"0.0373891001267427","0.0228693084266191","0.00889304937982682","0.00267057361695814"
"Bacteria","Bacteroidetes","Bacteroidia","Flavobacteriales","Flavobacteriaceae","Eudoraea",NA,NA,"0","0.000824119222580867","0.00483657071534441","0.0167838133565772"
"Bacteria","Bacteroidetes","Bacteroidia","Flavobacteriales","Flavobacteriaceae","Muriicola",NA,NA,"0","0","0.00491457992043061","0.000185456501177649"
"Bacteria","Bacteroidetes","Bacteroidia","Flavobacteriales","Flavobacteriaceae","Zeaxanthinibacter",NA,NA,"0.00126742712294043","0.000686766018817389","0.00358842343396521","0.0016876541607166"
"Bacteria","Bacteroidetes","Bacteroidia","Flavobacteriales","Flavobacteriaceae","NS3a_marine_group",NA,NA,"0","0","0","0"
"Bacteria","Bacteroidetes","Bacteroidia","Flavobacteriales","Flavobacteriaceae","Lacinutrix",NA,NA,"0","0.000480736213172172","0.000858101255948202","0.000927282505888244"
"Bacteria","Bacteroidetes","Bacteroidia","Flavobacteriales","Flavobacteriaceae","Olleya",NA,NA,"0","0","0","0"
"Bacteria","Bacteroidetes","Bacteroidia","Flavobacteriales","Flavobacteriaceae","Sabulilitoribacter",NA,NA,"0","0.000137353203763478","0.00959513222560262","0.000148365200942119"
"Bacteria","Bacteroidetes","Bacteroidia","Flavobacteriales","Flavobacteriaceae","Psychroserpens",NA,NA,"0","0","0.00842499414930962","0.000426549952708592"
"Bacteria","Bacteroidetes","Bacteroidia","Flavobacteriales","Flavobacteriaceae","Algibacter",NA,NA,"0","0.000137353203763478","0","0.0010014651063593"
"Bacteria","Bacteroidetes","Bacteroidia","Flavobacteriales","Flavobacteriaceae","Flaviramulus",NA,NA,"0","0","0","0"
"Bacteria","Bacteroidetes","Bacteroidia","Flavobacteriales","Flavobacteriaceae","Corallibacter",NA,NA,"0","0.00178559164892521","0.00351041422887901","0.000500732553179652"
"Bacteria","Bacteroidetes","Bacteroidia","Flavobacteriales","Flavobacteriaceae","Aestuariibaculum",NA,NA,"0","6.86766018817389e-05","0","0.00116837595741919"
"Bacteria","Bacteroidetes","Bacteroidia","Flavobacteriales","Flavobacteriaceae","Gaetbulibacter",NA,NA,"0.0158428390367554","0.00343383009408694","0.0188782276308604","0.0138721462880881"
"Bacteria","Bacteroidetes","Bacteroidia","Flavobacteriales","Flavobacteriaceae","Mesoflavibacter",NA,NA,"0","6.86766018817389e-05","0","7.41826004710595e-05"
"Bacteria","Bacteroidetes","Bacteroidia","Flavobacteriales","Flavobacteriaceae","Aquibacter",NA,NA,"0.00570342205323194","0.0128425245518852","0.000780092050862002","0.000556369503532946"
"Bacteria","Bacteroidetes","Bacteroidia","Flavobacteriales","Flavobacteriaceae","Formosa",NA,NA,"0","0","0.000702082845775802","1.85456501177649e-05"
"Bacteria","Bacteroidetes","Bacteroidia","Flavobacteriales","Flavobacteriaceae","Dokdonia",NA,NA,"0","0.000137353203763478","0","0.00294875836872462"
"Bacteria","Bacteroidetes","Bacteroidia","Flavobacteriales","Flavobacteriaceae","Aquimarina",NA,NA,"0","0.00116750223198956","0.0021842577424136","0.0141874223400901"
"Bacteria","Bacteroidetes","Bacteroidia","Flavobacteriales","Flavobacteriaceae","Algitalea",NA,NA,"0","0","0.00382245104922381","0"
"Bacteria","Bacteroidetes","Bacteroidia","Flavobacteriales","Flavobacteriaceae","Flavobacterium",NA,NA,"0","0","0.000234027615258601","1.85456501177649e-05"
"Bacteria","Bacteroidetes","Bacteroidia","Flavobacteriales","Flavobacteriaceae","NS4_marine_group",NA,NA,"0","0","0","0.000612006453886241"
"Bacteria","Bacteroidetes","Bacteroidia","Flavobacteriales","Flavobacteriaceae","NS5_marine_group",NA,NA,"0","6.86766018817389e-05","0","0.000111273900706589"
"Bacteria","Bacteroidetes","Bacteroidia","Flavobacteriales","Weeksellaceae","Empedobacter",NA,NA,"0","0","0","0.000370913002355298"
"Bacteria","Bacteroidetes","Bacteroidia","Flavobacteriales","Weeksellaceae","Chishuiella",NA,NA,"0","0","0","0.000278184751766473"
"Bacteria","Bacteroidetes","Bacteroidia","Flavobacteriales","Crocinitomicaceae","Salinirepens",NA,NA,"0.00633713561470215","0.00130485543575304","0.0001560184101724","0.000667643404239536"
"Bacteria","Bacteroidetes","Bacteroidia","Flavobacteriales","Crocinitomicaceae","Fluviicola",NA,NA,"0","0.000137353203763478","0","0"
"Bacteria","Bacteroidetes","Bacteroidia","Flavobacteriales","Crocinitomicaceae","Crocinitomix",NA,NA,"0","0","0.00249629456275841","0.000352367352237533"
"Bacteria","Bacteroidetes","Rhodothermia","Balneolales","Balneolaceae","Balneola",NA,NA,"0","0","0","0"
"Bacteria","Bacteroidetes","Ignavibacteria","Ignavibacteriales","Melioribacteraceae","IheB3-7",NA,NA,"0","0","0","0"
"Bacteria","Kiritimatiellaeota","Kiritimatiellae","Kiritimatiellales","Kiritimatiellaceae","R76-B128",NA,NA,"0","0","0","0"
"Bacteria","Spirochaetes","Spirochaetia","Spirochaetales","Spirochaetaceae","GWE2-31-10",NA,NA,"0","0","0","0"
"Bacteria","Spirochaetes","Spirochaetia","Spirochaetales","Spirochaetaceae","Sediminispirochaeta",NA,NA,"0","0","0","0"
"Bacteria","Spirochaetes","Spirochaetia","Spirochaetales","Spirochaetaceae","Spirochaeta",NA,NA,"0","0","0","0"
"Bacteria","Spirochaetes","Spirochaetia","Spirochaetales","Spirochaetaceae","Spirochaeta_2",NA,NA,"0","0","0","0"
"Bacteria","Spirochaetes","Brachyspirae","Brachyspirales","Brachyspiraceae","Brachyspira",NA,NA,"0","0","0","0"
"Bacteria","Spirochaetes","Spirochaetia","Brevinematales","Brevinemataceae","Brevinema",NA,NA,"0","0","0","0"
"Bacteria","Proteobacteria","Deltaproteobacteria","Desulfuromonadales","Desulfuromonadaceae","Malonomonas",NA,NA,"0","0","0","0"
"Bacteria","Proteobacteria","Deltaproteobacteria","Desulfovibrionales","Desulfovibrionaceae","Desulfovibrio",NA,NA,"0","6.86766018817389e-05","7.80092050862002e-05","9.27282505888244e-05"
"Bacteria","Proteobacteria","Deltaproteobacteria","Desulfovibrionales","Desulfovibrionaceae","Bilophila",NA,NA,"0","0","0","0"
"Bacteria","Acidobacteria","Blastocatellia_(Subgroup_4)","Blastocatellales","Blastocatellaceae","Blastocatella",NA,NA,"0","0","0.000858101255948202","7.41826004710595e-05"
"Bacteria","Acidobacteria","Acidobacteriia","Solibacterales","Solibacteraceae_(Subgroup_3)","PAUC26f",NA,NA,"0","0","0","0"
"Bacteria","Acidobacteria","Thermoanaerobaculia","Thermoanaerobaculales","Thermoanaerobaculaceae","Subgroup_10",NA,NA,"0","0.000480736213172172","0.00273032217801701","0.000408004302590827"
"Bacteria","Acidobacteria","Thermoanaerobaculia","Thermoanaerobaculales","Thermoanaerobaculaceae","Subgroup_23",NA,NA,"0","0","0.000468055230517201","1.85456501177649e-05"
"Bacteria","Actinobacteria","Acidimicrobiia","Actinomarinales","Actinomarinaceae","Candidatus_Actinomarina",NA,NA,"0","0","0","3.70913002355298e-05"
"Bacteria","Actinobacteria","Acidimicrobiia","Microtrichales","Ilumatobacteraceae","Ilumatobacter",NA,NA,"0.00443599493029151","0.00219765126021564","0.00343240502379281","0.00406149737579051"
"Bacteria","Actinobacteria","Acidimicrobiia","Microtrichales","Microtrichaceae","Sva0996_marine_group",NA,NA,"0.0202788339670469","0.0203969507588765","0.014041656915516","0.010571020567126"
"Bacteria","Actinobacteria","Actinobacteria","Frankiales","Geodermatophilaceae","Blastococcus",NA,NA,"0","0","0.000312036820344801","0.000537823853415182"
"Bacteria","Actinobacteria","Actinobacteria","Micrococcales","Microbacteriaceae","Pontimonas",NA,NA,"0","0","0","9.27282505888244e-05"
"Bacteria","Planctomycetes","Planctomycetacia","Pirellulales","Pirellulaceae","Blastopirellula",NA,NA,"0","0.000755442620699128","0.0150557765816366","0.00497023423156099"
"Bacteria","Planctomycetes","Planctomycetacia","Pirellulales","Pirellulaceae","Mariniblastus",NA,NA,"0.00126742712294043","0.0012361788338713","0.00390046025431001","0.00152074330965672"
"Bacteria","Planctomycetes","Planctomycetacia","Pirellulales","Pirellulaceae","Rhodopirellula",NA,NA,"0","0.000206029805645217","0.0018722209220688","0.00244802581554496"
"Bacteria","Planctomycetes","Planctomycetacia","Pirellulales","Pirellulaceae","Rubripirellula",NA,NA,"0.0107731305449937","0.00467000892795824","0.017162025118964","0.00873500120546726"
"Bacteria","Planctomycetes","Planctomycetacia","Pirellulales","Pirellulaceae","Pirellula",NA,NA,"0.00570342205323194","0.00109882563010782","0.00304235899836181","0.000574915153650711"
"Bacteria","Planctomycetes","Planctomycetacia","Pirellulales","Pirellulaceae","Bythopirellula",NA,NA,"0","0.000274706407526956","0","7.41826004710595e-05"
"Bacteria","Planctomycetes","Planctomycetacia","Pirellulales","Pirellulaceae","Pir4_lineage",NA,NA,"0","0.000274706407526956","0.000234027615258601","0.00146510635930343"
"Bacteria","Planctomycetes","Planctomycetacia","Planctomycetales","Rubinisphaeraceae","Rubinisphaera",NA,NA,"0","0","0","0"
"Bacteria","Planctomycetes","Planctomycetacia","Planctomycetales","Rubinisphaeraceae","Fuerstia",NA,NA,"0","0","0","0.000166910851059884"
"Bacteria","Planctomycetes","Phycisphaerae","Phycisphaerales","Phycisphaeraceae","Algisphaera",NA,NA,"0","0.000343383009408694","0","3.70913002355298e-05"
"Bacteria","Planctomycetes","Phycisphaerae","Phycisphaerales","Phycisphaeraceae","Urania-1B-19_marine_sediment_group",NA,NA,"0","0","0","0"
"Bacteria","Chloroflexi","Anaerolineae","Anaerolineales","Anaerolineaceae","Pelolinea",NA,NA,"0","0","0","0"
"Bacteria","Verrucomicrobia","Verrucomicrobiae","Opitutales","Puniceicoccaceae","Pelagicoccus",NA,NA,"0","0","0","0"
"Bacteria","Verrucomicrobia","Verrucomicrobiae","Opitutales","Puniceicoccaceae","Verruc-01",NA,NA,"0","0","0","0"
"Bacteria","Verrucomicrobia","Verrucomicrobiae","Opitutales","Puniceicoccaceae","MB11C04_marine_group",NA,NA,"0","0","0","0"
"Bacteria","Verrucomicrobia","Verrucomicrobiae","Opitutales","Puniceicoccaceae","Coraliomargarita",NA,NA,"0","0","0.000780092050862002","3.70913002355298e-05"
"Bacteria","Verrucomicrobia","Verrucomicrobiae","Opitutales","Puniceicoccaceae","Lentimonas",NA,NA,"0","0","0.000234027615258601","0.000241093451530943"
"Bacteria","Verrucomicrobia","Verrucomicrobiae","Opitutales","Puniceicoccaceae","Cerasicoccus",NA,NA,"0","0","0","0"
"Bacteria","Verrucomicrobia","Verrucomicrobiae","Verrucomicrobiales","Rubritaleaceae","Haloferula",NA,NA,"0","0.00398324290914086","0.000234027615258601","0.00446950167838134"
"Bacteria","Verrucomicrobia","Verrucomicrobiae","Verrucomicrobiales","Rubritaleaceae","Rubritalea",NA,NA,"0.0627376425855513","0.029187555799739","0.00273032217801701","0.00767789914875466"
"Bacteria","Verrucomicrobia","Verrucomicrobiae","Verrucomicrobiales","Akkermansiaceae","Akkermansia",NA,NA,"0","0.000274706407526956","0","0.000111273900706589"
"Bacteria","Verrucomicrobia","Verrucomicrobiae","Verrucomicrobiales","Rubritaleaceae","Roseibacillus",NA,NA,"0.00126742712294043","0.0049447153354852","0.0117793899680162","0.0173401828601102"
"Bacteria","Lentisphaerae","Lentisphaeria","Lentisphaerales","Lentisphaeraceae","Lentisphaera",NA,NA,"0","0","0","3.70913002355298e-05"
"Bacteria","Fusobacteria","Fusobacteriia","Fusobacteriales","Fusobacteriaceae","Fusobacterium",NA,NA,"0","6.86766018817389e-05","0","3.70913002355298e-05"
"Bacteria","Fusobacteria","Fusobacteriia","Fusobacteriales","Fusobacteriaceae","Cetobacterium",NA,NA,"0.00190114068441065","0.00673030698441041","0.00358842343396521","0.000853099905417184"
"Bacteria","Fusobacteria","Fusobacteriia","Fusobacteriales","Fusobacteriaceae","Propionigenium",NA,NA,"0","0.000274706407526956","0.00577268117637881","0.00120546725765472"
"Bacteria","Firmicutes","Bacilli","Bacillales","Bacillaceae","Bacillus",NA,NA,"0","0","0","1.85456501177649e-05"
"Bacteria","Firmicutes","Bacilli","Bacillales","Listeriaceae","Listeria",NA,NA,"0","0.000274706407526956","0.00475856151025821","0.000389458652473062"
"Bacteria","Firmicutes","Bacilli","Bacillales","Staphylococcaceae","Staphylococcus",NA,NA,"0","0","0.000468055230517201","0.000148365200942119"
"Bacteria","Tenericutes","Mollicutes","Anaeroplasmatales","Anaeroplasmataceae","Anaeroplasma",NA,NA,"0","0","0","0"
"Bacteria","Tenericutes","Mollicutes","Mycoplasmatales","Mycoplasmataceae","Mycoplasma",NA,NA,"0","0","0","0"
"Bacteria","Tenericutes","Mollicutes","Mycoplasmatales","Mycoplasmataceae","Candidatus_Bacilloplasma",NA,NA,"0","0.000892795824462606","0","0"
"Bacteria","Firmicutes","Bacilli","Lactobacillales","Streptococcaceae","Streptococcus",NA,NA,"0","0","0","0"
"Bacteria","Firmicutes","Clostridia","Clostridiales","Family_XI","Sedimentibacter",NA,NA,"0","0","0","0"
"Bacteria","Firmicutes","Clostridia","Clostridiales","Family_XIII","Ihubacter",NA,NA,"0","0","0","0"
"Bacteria","Firmicutes","Clostridia","Clostridiales","Family_XIII","Aminipila",NA,NA,"0","0.000206029805645217","0","0"
"Bacteria","Firmicutes","Clostridia","Clostridiales","Family_XIII","Eubacterium",NA,NA,"0","0","0","0"
"Bacteria","Firmicutes","Clostridia","Clostridiales","Family_XIII","Anaerovorax",NA,NA,"0","0","0","0"
"Bacteria","Firmicutes","Clostridia","Clostridiales","Christensenellaceae","Christensenella",NA,NA,"0","0","0","0"
"Bacteria","Firmicutes","Clostridia","Clostridiales","Ruminococcaceae","Papillibacter",NA,NA,"0","0","0","0"
"Bacteria","Firmicutes","Clostridia","Clostridiales","Ruminococcaceae","Ruminococcaceae_UCG-009",NA,NA,"0","0","0","0"
"Bacteria","Firmicutes","Clostridia","Clostridiales","Ruminococcaceae","Monoglobus",NA,NA,"0","0","0","0"
"Bacteria","Firmicutes","Clostridia","Clostridiales","Ruminococcaceae","Candidatus_Soleaferrea",NA,NA,"0","0","0","0"
"Bacteria","Firmicutes","Clostridia","Clostridiales","Ruminococcaceae","Angelakisella",NA,NA,"0","0","0","0"
"Bacteria","Firmicutes","Clostridia","Clostridiales","Ruminococcaceae","Hydrogenoanaerobacterium",NA,NA,"0","0","0","0"
"Bacteria","Firmicutes","Clostridia","Clostridiales","Ruminococcaceae","Paludicola",NA,NA,"0","0","0","0"
"Bacteria","Firmicutes","Clostridia","Clostridiales","Ruminococcaceae","Harryflintia",NA,NA,"0","0","0","0"
"Bacteria","Firmicutes","Clostridia","Clostridiales","Ruminococcaceae","Ruthenibacterium",NA,NA,"0","0","0","0"
"Bacteria","Firmicutes","Clostridia","Clostridiales","Ruminococcaceae","Fournierella",NA,NA,"0","0","0","0"
"Bacteria","Firmicutes","Clostridia","Clostridiales","Ruminococcaceae","Faecalibacterium",NA,NA,"0","0","0","3.70913002355298e-05"
"Bacteria","Firmicutes","Clostridia","Clostridiales","Lachnospiraceae","Petrocella",NA,NA,"0","0","0","0"
"Bacteria","Firmicutes","Clostridia","Clostridiales","Lachnospiraceae","Tyzzerella",NA,NA,"0","0","0","0"
"Bacteria","Firmicutes","Clostridia","Clostridiales","Lachnospiraceae","Anaerotignum",NA,NA,"0","0","0","0"
"Bacteria","Firmicutes","Clostridia","Clostridiales","Lachnospiraceae","Tyzzerella_3",NA,NA,"0","0","0","0"
"Bacteria","Firmicutes","Clostridia","Clostridiales","Lachnospiraceae","Epulopiscium",NA,NA,"0.0209125475285171","0.000480736213172172","0.00639675481706841","0.000185456501177649"
"Bacteria","Firmicutes","Clostridia","Clostridiales","Lachnospiraceae","Anaerocolumna",NA,NA,"0","0","0","0"
"Bacteria","Firmicutes","Clostridia","Clostridiales","Lachnospiraceae","Bacteroides",NA,NA,"0","0","0","0"
"Bacteria","Firmicutes","Clostridia","Clostridiales","Peptostreptococcaceae","Romboutsia",NA,NA,"0.00443599493029151","0.000343383009408694","0","0.000129819550824354"
"Bacteria","Firmicutes","Clostridia","Clostridiales","Peptostreptococcaceae","Terrisporobacter",NA,NA,"0","0","0","0"
"Bacteria","Firmicutes","Clostridia","Clostridiales","Ruminococcaceae","Neglecta",NA,NA,"0","0","0","0"
"Bacteria","Firmicutes","Clostridia","Clostridiales","Ruminococcaceae","Ruminiclostridium_5",NA,NA,"0","0","0","0"
"Bacteria","Firmicutes","Clostridia","Clostridiales","Ruminococcaceae","Intestinimonas",NA,NA,"0","0","0","0"
"Bacteria","Firmicutes","Clostridia","Clostridiales","Ruminococcaceae","Pseudoflavonifractor",NA,NA,"0","0","0","0"
"Bacteria","Firmicutes","Clostridia","Clostridiales","Ruminococcaceae","Clostridium",NA,NA,"0","0","0","0"
"Bacteria","Firmicutes","Clostridia","Clostridiales","Ruminococcaceae","Flavonifractor",NA,NA,"0","0","0","0"
"Bacteria","Firmicutes","Clostridia","Clostridiales","Ruminococcaceae","Ruminococcaceae_UCG-008",NA,NA,"0","0","0","0"
"Bacteria","Firmicutes","Clostridia","Clostridiales","Christensenellaceae","Christensenellaceae_R-7_group",NA,NA,"0","0","0","0"
"Bacteria","Firmicutes","Clostridia","Clostridiales","Clostridiaceae_1","Clostridium",NA,NA,"0.00950570342205323","0","0.001170138076293","0.00133528680847907"
"Bacteria","Firmicutes","Clostridia","Clostridiales","Ruminococcaceae","Ruminococcaceae_UCG-014",NA,NA,"0","0","0.00429050627974101","0"
"Bacteria","Firmicutes","Erysipelotrichia","Erysipelotrichales","Erysipelotrichaceae","Breznakia",NA,NA,"0","0","0","0"
"Bacteria","Firmicutes","Erysipelotrichia","Erysipelotrichales","Erysipelotrichaceae","Dielma",NA,NA,"0","0","0","0"
"Bacteria","Firmicutes","Erysipelotrichia","Erysipelotrichales","Erysipelotrichaceae","Holdemania",NA,NA,"0","0","0","0"
"Bacteria","Firmicutes","Erysipelotrichia","Erysipelotrichales","Erysipelotrichaceae","Erysipelotrichaceae_UCG-004",NA,NA,"0","0","0","0"
"Bacteria","Firmicutes","Erysipelotrichia","Erysipelotrichales","Erysipelotrichaceae","Coprobacillus",NA,NA,"0","0","0","0"
"Bacteria","Firmicutes","Erysipelotrichia","Erysipelotrichales","Erysipelotrichaceae","Erysipelatoclostridium",NA,NA,"0","0","0","0"
"Bacteria","Firmicutes","Clostridia","Clostridiales","Lachnospiraceae","Faecalicatena",NA,NA,"0","0","0","1.85456501177649e-05"
"Bacteria","Cyanobacteria","Oxyphotobacteria","Synechococcales","Cyanobiaceae","Cyanobium",NA,NA,"0","0","0","0"
"Bacteria","Cyanobacteria","Oxyphotobacteria","Synechococcales","Cyanobiaceae","Prochlorococcus",NA,NA,"0","0.00260971087150608","0.00327638661362041","0.00196583891248308"
"Bacteria","Cyanobacteria","Oxyphotobacteria","Synechococcales","Cyanobiaceae","Prochlorococcus_MIT9313",NA,NA,"0","0","0","0"
"Bacteria","Cyanobacteria","Oxyphotobacteria","Nostocales","Nostocaceae","Rivularia_PCC-7116",NA,NA,"0","0.000480736213172172","0","1.85456501177649e-05"
"Bacteria","Cyanobacteria","Oxyphotobacteria","Nostocales","Microcystaceae","Crocosphaera",NA,NA,"0","0","0","0"
"Bacteria","Cyanobacteria","Oxyphotobacteria","Nostocales","Xenococcaceae","Chroococcidiopsis_PCC-6712",NA,NA,"0","0","0.000234027615258601","9.27282505888244e-05"
"Bacteria","Cyanobacteria","Oxyphotobacteria","Nostocales","Xenococcaceae","Xenococcus_PCC-7305",NA,NA,"0","0","0","3.70913002355298e-05"
"Bacteria","Cyanobacteria","Oxyphotobacteria","Nostocales","Xenococcaceae","Stanieria",NA,NA,"0","0","0","0"
"Bacteria","Cyanobacteria","Oxyphotobacteria","Nostocales","Xenococcaceae","Pleurocapsa_PCC-7319",NA,NA,"0","0.000206029805645217","0.00483657071534441","0.0027447562174292"
"Bacteria","Cyanobacteria","Oxyphotobacteria","Nostocales","Xenococcaceae","Foliisarcina",NA,NA,"0","0","0","0"
"Bacteria","Cyanobacteria","Oxyphotobacteria","Nostocales","Phormidiaceae","Limnoraphis",NA,NA,"0","0","0","0.000315276052002003"
"Bacteria","Cyanobacteria","Oxyphotobacteria","Nostocales","Phormidiaceae","Trichodesmium_IMS101",NA,NA,"0","0.00631824737311998","0","3.70913002355298e-05"
"Bacteria","Cyanobacteria","Oxyphotobacteria","Nostocales","Phormidiaceae","Okeania",NA,NA,"0","0.00185426825080695","0","0"
"Bacteria","Cyanobacteria","Oxyphotobacteria","Eurycoccales","Eurycoccales_Incertae_Sedis","Synechococcus_PCC-7336",NA,NA,"0.00190114068441065","0.000137353203763478","0","0"
"Bacteria","Cyanobacteria","Oxyphotobacteria","Thermosynechococcales","Acaryochloridaceae","Acaryochloris",NA,NA,"0","0.000206029805645217","0.000468055230517201","5.56369503532946e-05"
"Bacteria","Cyanobacteria","Oxyphotobacteria","Phormidesmiales","Phormidesmiaceae","Phormidesmis_ANT.LACV5.1",NA,NA,"0","0.00343383009408694","0.00429050627974101","0.00378331262402404"
"Bacteria","Cyanobacteria","Oxyphotobacteria","Synechococcales","Synechococcales_Incertae_Sedis","Schizothrix_LEGE_07164",NA,NA,"0","0.00061808941693565","0.0022622669474998","0.000482186903061887"
